[{"move_1_dmg": "15", "candies": 59, "cp": 614, "id": "10007689643752930915", "stamina": 77, "move_1": "Confusion", "move_2": "Ancient Power", "move_2_dmg": "35", "pokemon_id": 102, "individual_stamina": 7, "reqCandies": 50, "move_2_type": "Rock", "creation_time_ms": 1470827921, "candyFamily": "EXEGGCUTE", "individual_attack": 10, "stamina_max": 77, "weight_kg": 2.6726877689361572, "sortBy": "cp", "pokemon_name": "EXEGGCUTE", "move_1_type": "Psychic", "individual_defense": 15, "height_m": 0.42210960388183594, "favorite": "star_grey.png", "timeStamp": 1471238680}, {"move_1_dmg": "10", "candies": 25, "cp": 583, "id": "12834996009762695836", "stamina": 50, "move_1": "Quick Attack", "move_2": "Hydro Pump", "move_2_dmg": "90", "pokemon_id": 121, "individual_stamina": 0, "reqCandies": 0, "move_2_type": "Water", "creation_time_ms": 1470820965, "candyFamily": "STARYU", "individual_attack": 15, "stamina_max": 50, "weight_kg": 34.800411224365234, "sortBy": "cp", "pokemon_name": "STARMIE", "move_1_type": "Normal", "individual_defense": 12, "height_m": 1.218123197555542, "favorite": "star_grey.png", "timeStamp": 0}, {"move_1_dmg": "6", "candies": 43, "cp": 673, "id": "14187239624775411645", "stamina": 57, "move_1": "Scratch", "move_2": "Seed Bomb", "move_2_dmg": "40", "pokemon_id": 46, "individual_stamina": 13, "reqCandies": 50, "move_2_type": "Grass", "creation_time_ms": 1470822665, "candyFamily": "PARAS", "individual_attack": 12, "stamina_max": 57, "weight_kg": 8.637439727783203, "sortBy": "cp", "pokemon_name": "PARAS", "move_1_type": "Normal", "individual_defense": 11, "height_m": 0.3746294379234314, "favorite": "star_grey.png", "timeStamp": 0}, {"move_1_dmg": "6", "candies": 49, "cp": 514, "id": "2660354870898143848", "stamina": 57, "move_1": "Scratch", "move_2": "Dark Pulse", "move_2_dmg": "45", "pokemon_id": 52, "individual_stamina": 4, "reqCandies": 50, "move_2_type": "Dark", "creation_time_ms": 1470801676, "candyFamily": "MEOWTH", "individual_attack": 13, "stamina_max": 57, "weight_kg": 4.744098663330078, "sortBy": "cp", "pokemon_name": "MEOWTH", "move_1_type": "Normal", "individual_defense": 13, "height_m": 0.40125006437301636, "favorite": "star_grey.png", "timeStamp": 0}, {"move_1_dmg": "6", "candies": 10, "cp": 217, "id": "4658381567895232770", "stamina": 44, "move_1": "Bite", "move_2": "Hyper Beam", "move_2_dmg": "120", "pokemon_id": 142, "individual_stamina": 15, "reqCandies": 0, "move_2_type": "Normal", "creation_time_ms": 1470843022, "candyFamily": "AERODACTYL", "individual_attack": 14, "stamina_max": 44, "weight_kg": 70.01155853271484, "sortBy": "cp", "pokemon_name": "AERODACTYL", "move_1_type": "Dark", "individual_defense": 2, "height_m": 1.8937360048294067, "favorite": "star_grey.png", "timeStamp": 0}, {"move_1_dmg": "6", "candies": 5, "cp": 1191, "id": "8258701908622534073", "stamina": 112, "move_1": "Water Gun", "move_2": "Water Pulse", "move_2_dmg": "35", "pokemon_id": 80, "individual_stamina": 15, "reqCandies": 0, "move_2_type": "Water", "creation_time_ms": 1471140255, "candyFamily": "SLOWPOKE", "individual_attack": 8, "stamina_max": 112, "weight_kg": 34.259613037109375, "sortBy": "cp", "pokemon_name": "SLOWBRO", "move_1_type": "Water", "individual_defense": 6, "height_m": 1.1467283964157104, "favorite": "star_grey.png", "timeStamp": 0}, {"move_1_dmg": "7", "candies": 82, "cp": 384, "id": "2529629237313615261", "stamina": 52, "move_1": "Vine Whip", "move_2": "Petal Blizzard", "move_2_dmg": "65", "pokemon_id": 3, "individual_stamina": 5, "reqCandies": 0, "move_2_type": "Grass", "creation_time_ms": 1471140640, "candyFamily": "BULBASAUR", "individual_attack": 0, "stamina_max": 52, "weight_kg": 90.59255981445312, "sortBy": "cp", "pokemon_name": "VENUSAUR", "move_1_type": "Grass", "individual_defense": 15, "height_m": 1.8626574277877808, "favorite": "star_grey.png", "timeStamp": 0}, {"move_1_dmg": "12", "candies": 80, "cp": 611, "id": "16078457143504706709", "stamina": 65, "move_1": "Tackle", "move_2": "Aqua Jet", "move_2_dmg": "25", "pokemon_id": 7, "individual_stamina": 10, "reqCandies": 25, "move_2_type": "Water", "creation_time_ms": 1470823407, "candyFamily": "SQUIRTLE", "individual_attack": 0, "stamina_max": 65, "weight_kg": 9.947166442871094, "sortBy": "cp", "pokemon_name": "SQUIRTLE", "move_1_type": "Normal", "individual_defense": 11, "height_m": 0.5060054063796997, "favorite": "star_grey.png", "timeStamp": 0}, {"move_1_dmg": "10", "candies": 25, "cp": 451, "id": "10330784851057182594", "stamina": 45, "move_1": "Quick Attack", "move_2": "Hydro Pump", "move_2_dmg": "90", "pokemon_id": 121, "individual_stamina": 0, "reqCandies": 0, "move_2_type": "Water", "creation_time_ms": 1470980520, "candyFamily": "STARYU", "individual_attack": 15, "stamina_max": 45, "weight_kg": 41.40507507324219, "sortBy": "cp", "pokemon_name": "STARMIE", "move_1_type": "Normal", "individual_defense": 4, "height_m": 1.1935399770736694, "favorite": "star_grey.png", "timeStamp": 0}, {"move_1_dmg": "6", "candies": 87, "cp": 382, "id": "13305489695874268221", "stamina": 68, "move_1": "Karate Chop", "move_2": "Brick Break", "move_2_dmg": "30", "pokemon_id": 66, "individual_stamina": 3, "reqCandies": 25, "move_2_type": "Fighting", "creation_time_ms": 1470985734, "candyFamily": "MACHOP", "individual_attack": 13, "stamina_max": 68, "weight_kg": 10.172258377075195, "sortBy": "cp", "pokemon_name": "MACHOP", "move_1_type": "Fighting", "individual_defense": 15, "height_m": 0.5895380973815918, "favorite": "star_grey.png", "timeStamp": 0}, {"move_1_dmg": "10", "candies": 87, "cp": 1151, "id": "3446046299801387735", "stamina": 103, "move_1": "Bullet Punch", "move_2": "Stone Edge", "move_2_dmg": "80", "pokemon_id": 68, "individual_stamina": 13, "reqCandies": 0, "move_2_type": "Rock", "creation_time_ms": 1469397566, "candyFamily": "MACHOP", "individual_attack": 12, "stamina_max": 103, "weight_kg": 95.10055541992188, "sortBy": "cp", "pokemon_name": "MACHAMP", "move_1_type": "Steel", "individual_defense": 11, "height_m": 1.5371081829071045, "favorite": "star_grey.png", "timeStamp": 0}, {"move_1_dmg": "15", "candies": 133, "cp": 2393, "id": "12803346049102968848", "stamina": 125, "move_1": "Steel Wing", "move_2": "Dragon Pulse", "move_2_dmg": "65", "pokemon_id": 149, "individual_stamina": 6, "reqCandies": 0, "move_2_type": "Dragon", "creation_time_ms": 1471223520, "candyFamily": "DRATINI", "individual_attack": 15, "stamina_max": 125, "weight_kg": 260.6084899902344, "sortBy": "cp", "pokemon_name": "DRAGONITE", "move_1_type": "Steel", "individual_defense": 6, "height_m": 2.2347896099090576, "favorite": "star_grey.png", "timeStamp": 0}, {"move_1_dmg": "6", "candies": 301, "cp": 496, "id": "8954689281339639504", "stamina": 78, "move_1": "Poison Sting", "move_2": "Poison Fang", "move_2_dmg": "25", "pokemon_id": 29, "individual_stamina": 13, "reqCandies": 25, "move_2_type": "Poison", "creation_time_ms": 1470991926, "candyFamily": "NIDORAN_FEMALE", "individual_attack": 4, "stamina_max": 78, "weight_kg": 7.270232677459717, "sortBy": "cp", "pokemon_name": "NIDORAN_FEMALE", "move_1_type": "Poison", "individual_defense": 6, "height_m": 0.41774627566337585, "favorite": "star_grey.png", "timeStamp": 0}, {"move_1_dmg": "6", "candies": 297, "cp": 121, "id": "861840670475256615", "stamina": 43, "move_1": "Water Gun", "move_2": "Water Pulse", "move_2_dmg": "35", "pokemon_id": 134, "individual_stamina": 3, "reqCandies": 0, "move_2_type": "Water", "creation_time_ms": 1470993696, "candyFamily": "EEVEE", "individual_attack": 15, "stamina_max": 43, "weight_kg": 26.64044952392578, "sortBy": "cp", "pokemon_name": "VAPOREON", "move_1_type": "Water", "individual_defense": 12, "height_m": 0.9650214910507202, "favorite": "star_grey.png", "timeStamp": 0}, {"move_1_dmg": "7", "candies": 26, "cp": 455, "id": "1557052206333717013", "stamina": 53, "move_1": "Vine Whip", "move_2": "Sludge Bomb", "move_2_dmg": "55", "pokemon_id": 69, "individual_stamina": 0, "reqCandies": 25, "move_2_type": "Poison", "creation_time_ms": 1470992080, "candyFamily": "BELLSPROUT", "individual_attack": 13, "stamina_max": 53, "weight_kg": 4.800840854644775, "sortBy": "cp", "pokemon_name": "BELLSPROUT", "move_1_type": "Grass", "individual_defense": 9, "height_m": 0.7973926663398743, "favorite": "star_grey.png", "timeStamp": 0}, {"move_1_dmg": "10", "candies": 2, "cp": 476, "id": "14781289994935627341", "stamina": 65, "move_1": "Quick Attack", "move_2": "Poison Fang", "move_2_dmg": "25", "pokemon_id": 41, "individual_stamina": 13, "reqCandies": 50, "move_2_type": "Poison", "creation_time_ms": 1470985460, "candyFamily": "ZUBAT", "individual_attack": 10, "stamina_max": 65, "weight_kg": 7.968361854553223, "sortBy": "cp", "pokemon_name": "ZUBAT", "move_1_type": "Normal", "individual_defense": 12, "height_m": 0.7980738878250122, "favorite": "star_grey.png", "timeStamp": 0}, {"move_1_dmg": "6", "candies": 405, "cp": 556, "id": "18169451791820480471", "stamina": 61, "move_1": "Mud Shot", "move_2": "Mud Bomb", "move_2_dmg": "30", "pokemon_id": 60, "individual_stamina": 11, "reqCandies": 25, "move_2_type": "Ground", "creation_time_ms": 1470993643, "candyFamily": "POLIWAG", "individual_attack": 13, "stamina_max": 61, "weight_kg": 10.024402618408203, "sortBy": "cp", "pokemon_name": "POLIWAG", "move_1_type": "Ground", "individual_defense": 10, "height_m": 0.5197176337242126, "favorite": "star_grey.png", "timeStamp": 0}, {"move_1_dmg": "15", "candies": 120, "cp": 843, "id": "10838065012341503531", "stamina": 71, "move_1": "Razor Leaf", "move_2": "Moonblast", "move_2_dmg": "85", "pokemon_id": 43, "individual_stamina": 11, "reqCandies": 25, "move_2_type": "Fairy", "creation_time_ms": 1470987479, "candyFamily": "ODDISH", "individual_attack": 7, "stamina_max": 71, "weight_kg": 4.773495674133301, "sortBy": "cp", "pokemon_name": "ODDISH", "move_1_type": "Grass", "individual_defense": 12, "height_m": 0.4472305476665497, "favorite": "star_grey.png", "timeStamp": 0}, {"move_1_dmg": "6", "candies": 124, "cp": 429, "id": "3924500015591355623", "stamina": 37, "move_1": "Scratch", "move_2": "Rock Tomb", "move_2_dmg": "30", "pokemon_id": 140, "individual_stamina": 15, "reqCandies": 50, "move_2_type": "Rock", "creation_time_ms": 1469397329, "candyFamily": "KABUTO", "individual_attack": 15, "stamina_max": 37, "weight_kg": 12.046220779418945, "sortBy": "cp", "pokemon_name": "KABUTO", "move_1_type": "Normal", "individual_defense": 6, "height_m": 0.4745785593986511, "favorite": "star_grey.png", "timeStamp": 0}, {"move_1_dmg": "5", "candies": 56, "cp": 1856, "id": "1292211792749284632", "stamina": 202, "move_1": "Lick", "move_2": "Hyper Beam", "move_2_dmg": "120", "pokemon_id": 143, "individual_stamina": 11, "reqCandies": 0, "move_2_type": "Normal", "creation_time_ms": 1471238361, "candyFamily": "SNORLAX", "individual_attack": 15, "stamina_max": 202, "weight_kg": 640.5328979492188, "sortBy": "cp", "pokemon_name": "SNORLAX", "move_1_type": "Ghost", "individual_defense": 15, "height_m": 2.460221767425537, "favorite": "star_grey.png", "timeStamp": 0}, {"move_1_dmg": "7", "candies": 284, "cp": 790, "id": "17912084740152301282", "stamina": 98, "move_1": "Pound", "move_2": "Disarming Voice", "move_2_dmg": "25", "pokemon_id": 35, "individual_stamina": 7, "reqCandies": 50, "move_2_type": "Fairy", "creation_time_ms": 1470831424, "candyFamily": "CLEFAIRY", "individual_attack": 8, "stamina_max": 98, "weight_kg": 3.9429359436035156, "sortBy": "cp", "pokemon_name": "CLEFAIRY", "move_1_type": "Normal", "individual_defense": 15, "height_m": 0.504792332649231, "favorite": "star_grey.png", "timeStamp": 0}, {"move_1_dmg": "15", "candies": 5, "cp": 1451, "id": "10060902536813988874", "stamina": 121, "move_1": "Confusion", "move_2": "Psychic", "move_2_dmg": "55", "pokemon_id": 80, "individual_stamina": 14, "reqCandies": 0, "move_2_type": "Psychic", "creation_time_ms": 1470981910, "candyFamily": "SLOWPOKE", "individual_attack": 13, "stamina_max": 121, "weight_kg": 42.95065689086914, "sortBy": "cp", "pokemon_name": "SLOWBRO", "move_1_type": "Psychic", "individual_defense": 11, "height_m": 1.4943276643753052, "favorite": "star_grey.png", "timeStamp": 0}, {"move_1_dmg": "12", "candies": 41, "cp": 264, "id": "18319532051815139310", "stamina": 34, "move_1": "Zen Headbutt", "move_2": "Signal Beam", "move_2_dmg": "45", "pokemon_id": 63, "individual_stamina": 15, "reqCandies": 25, "move_2_type": "Bug", "creation_time_ms": 1470633862, "candyFamily": "ABRA", "individual_attack": 13, "stamina_max": 34, "weight_kg": 11.153280258178711, "sortBy": "cp", "pokemon_name": "ABRA", "move_1_type": "Psychic", "individual_defense": 11, "height_m": 0.7600690126419067, "favorite": "star_grey.png", "timeStamp": 0}, {"move_1_dmg": "6", "candies": 133, "cp": 192, "id": "10185526468769666628", "stamina": 33, "move_1": "Dragon Breath", "move_2": "Wrap", "move_2_dmg": "25", "pokemon_id": 147, "individual_stamina": 15, "reqCandies": 25, "move_2_type": "Normal", "creation_time_ms": 1470711852, "candyFamily": "DRATINI", "individual_attack": 15, "stamina_max": 33, "weight_kg": 2.9906270503997803, "sortBy": "cp", "pokemon_name": "DRATINI", "move_1_type": "Dragon", "individual_defense": 15, "height_m": 1.4912582635879517, "favorite": "star_grey.png", "timeStamp": 0}, {"move_1_dmg": "10", "candies": 297, "cp": 751, "id": "12522184528853851965", "stamina": 84, "move_1": "Quick Attack", "move_2": "Swift", "move_2_dmg": "30", "pokemon_id": 133, "individual_stamina": 14, "reqCandies": 25, "move_2_type": "Normal", "creation_time_ms": 1470847477, "candyFamily": "EEVEE", "individual_attack": 8, "stamina_max": 84, "weight_kg": 7.86423921585083, "sortBy": "cp", "pokemon_name": "EEVEE", "move_1_type": "Normal", "individual_defense": 14, "height_m": 0.3246174156665802, "favorite": "star_grey.png", "timeStamp": 0}, {"move_1_dmg": "15", "candies": 120, "cp": 723, "id": "8975568493326128543", "stamina": 65, "move_1": "Razor Leaf", "move_2": "Seed Bomb", "move_2_dmg": "40", "pokemon_id": 43, "individual_stamina": 12, "reqCandies": 25, "move_2_type": "Grass", "creation_time_ms": 1470801083, "candyFamily": "ODDISH", "individual_attack": 12, "stamina_max": 65, "weight_kg": 6.6410698890686035, "sortBy": "cp", "pokemon_name": "ODDISH", "move_1_type": "Grass", "individual_defense": 13, "height_m": 0.5200812816619873, "favorite": "star_grey.png", "timeStamp": 0}, {"move_1_dmg": "6", "candies": 301, "cp": 568, "id": "6685515475515749997", "stamina": 79, "move_1": "Poison Sting", "move_2": "Sludge Bomb", "move_2_dmg": "55", "pokemon_id": 29, "individual_stamina": 2, "reqCandies": 25, "move_2_type": "Poison", "creation_time_ms": 1470843037, "candyFamily": "NIDORAN_FEMALE", "individual_attack": 5, "stamina_max": 79, "weight_kg": 4.536052227020264, "sortBy": "cp", "pokemon_name": "NIDORAN_FEMALE", "move_1_type": "Poison", "individual_defense": 1, "height_m": 0.3338167071342468, "favorite": "star_grey.png", "timeStamp": 0}, {"move_1_dmg": "6", "candies": 297, "cp": 417, "id": "9689326290705181838", "stamina": 57, "move_1": "Poison Sting", "move_2": "Sludge Bomb", "move_2_dmg": "55", "pokemon_id": 32, "individual_stamina": 6, "reqCandies": 25, "move_2_type": "Poison", "creation_time_ms": 1471007738, "candyFamily": "NIDORAN_MALE", "individual_attack": 12, "stamina_max": 57, "weight_kg": 11.9077730178833, "sortBy": "cp", "pokemon_name": "NIDORAN_MALE", "move_1_type": "Poison", "individual_defense": 10, "height_m": 0.6105697751045227, "favorite": "star_grey.png", "timeStamp": 0}, {"move_1_dmg": "10", "candies": 18, "cp": 446, "id": "11361989076885285200", "stamina": 60, "move_1": "Peck", "move_2": "Twister", "move_2_dmg": "25", "pokemon_id": 21, "individual_stamina": 7, "reqCandies": 50, "move_2_type": "Dragon", "creation_time_ms": 1470988608, "candyFamily": "SPEAROW", "individual_attack": 7, "stamina_max": 60, "weight_kg": 1.4687044620513916, "sortBy": "cp", "pokemon_name": "SPEAROW", "move_1_type": "Flying", "individual_defense": 5, "height_m": 0.2698601186275482, "favorite": "star_grey.png", "timeStamp": 0}, {"move_1_dmg": "7", "candies": 12, "cp": 410, "id": "9031584505444947488", "stamina": 138, "move_1": "Pound", "move_2": "Play Rough", "move_2_dmg": "55", "pokemon_id": 39, "individual_stamina": 7, "reqCandies": 50, "move_2_type": "Fairy", "creation_time_ms": 1470982626, "candyFamily": "JIGGLYPUFF", "individual_attack": 9, "stamina_max": 138, "weight_kg": 4.870851516723633, "sortBy": "cp", "pokemon_name": "JIGGLYPUFF", "move_1_type": "Normal", "individual_defense": 0, "height_m": 0.539292573928833, "favorite": "star_grey.png", "timeStamp": 0}, {"move_1_dmg": "5", "candies": 18, "cp": 1208, "id": "16162216257310116502", "stamina": 84, "move_1": "Low Kick", "move_2": "Drill Run", "move_2_dmg": "50", "pokemon_id": 78, "individual_stamina": 11, "reqCandies": 0, "move_2_type": "Ground", "creation_time_ms": 1470801100, "candyFamily": "PONYTA", "individual_attack": 12, "stamina_max": 84, "weight_kg": 20.461668014526367, "sortBy": "cp", "pokemon_name": "RAPIDASH", "move_1_type": "Fighting", "individual_defense": 11, "height_m": 1.5808779001235962, "favorite": "star_grey.png", "timeStamp": 0}, {"move_1_dmg": "6", "candies": 87, "cp": 109, "id": "8797653001240169918", "stamina": 38, "move_1": "Karate Chop", "move_2": "Low Sweep", "move_2_dmg": "30", "pokemon_id": 66, "individual_stamina": 10, "reqCandies": 25, "move_2_type": "Fighting", "creation_time_ms": 1470981760, "candyFamily": "MACHOP", "individual_attack": 13, "stamina_max": 38, "weight_kg": 24.42892837524414, "sortBy": "cp", "pokemon_name": "MACHOP", "move_1_type": "Fighting", "individual_defense": 13, "height_m": 0.8855388760566711, "favorite": "star_grey.png", "timeStamp": 0}, {"move_1_dmg": "6", "candies": 133, "cp": 264, "id": "8449053881084352719", "stamina": 40, "move_1": "Dragon Breath", "move_2": "Wrap", "move_2_dmg": "25", "pokemon_id": 147, "individual_stamina": 15, "reqCandies": 25, "move_2_type": "Normal", "creation_time_ms": 1471007670, "candyFamily": "DRATINI", "individual_attack": 15, "stamina_max": 40, "weight_kg": 2.5313613414764404, "sortBy": "cp", "pokemon_name": "DRATINI", "move_1_type": "Dragon", "individual_defense": 1, "height_m": 1.597931981086731, "favorite": "star_grey.png", "timeStamp": 0}, {"move_1_dmg": "7", "candies": 2, "cp": 436, "id": "10655730334565599740", "stamina": 32, "move_1": "Spark", "move_2": "Discharge", "move_2_dmg": "35", "pokemon_id": 81, "individual_stamina": 6, "reqCandies": 50, "move_2_type": "Electric", "creation_time_ms": 1469401422, "candyFamily": "MAGNEMITE", "individual_attack": 11, "stamina_max": 32, "weight_kg": 3.933353900909424, "sortBy": "cp", "pokemon_name": "MAGNEMITE", "move_1_type": "Electric", "individual_defense": 15, "height_m": 0.23893775045871735, "favorite": "star_grey.png", "timeStamp": 0}, {"move_1_dmg": "6", "candies": 25, "cp": 34, "id": "1301698064104649152", "stamina": 12, "move_1": "Water Gun", "move_2": "Flash Cannon", "move_2_dmg": "60", "pokemon_id": 116, "individual_stamina": 15, "reqCandies": 50, "move_2_type": "Steel", "creation_time_ms": 1470982649, "candyFamily": "HORSEA", "individual_attack": 13, "stamina_max": 12, "weight_kg": 4.543604850769043, "sortBy": "cp", "pokemon_name": "HORSEA", "move_1_type": "Water", "individual_defense": 15, "height_m": 0.29697465896606445, "favorite": "star_grey.png", "timeStamp": 0}, {"move_1_dmg": "7", "candies": 57, "cp": 460, "id": "17207118450688377650", "stamina": 45, "move_1": "Sucker Punch", "move_2": "Dark Pulse", "move_2_dmg": "45", "pokemon_id": 92, "individual_stamina": 12, "reqCandies": 25, "move_2_type": "Dark", "creation_time_ms": 1470706141, "candyFamily": "GASTLY", "individual_attack": 13, "stamina_max": 45, "weight_kg": 0.10422064363956451, "sortBy": "cp", "pokemon_name": "GASTLY", "move_1_type": "Dark", "individual_defense": 4, "height_m": 1.5172886848449707, "favorite": "star_grey.png", "timeStamp": 0}, {"move_1_dmg": "6", "candies": 24, "cp": 599, "id": "5739067055484554636", "stamina": 69, "move_1": "Water Gun", "move_2": "Cross Chop", "move_2_dmg": "60", "pokemon_id": 54, "individual_stamina": 14, "reqCandies": 50, "move_2_type": "Fighting", "creation_time_ms": 1470991951, "candyFamily": "PSYDUCK", "individual_attack": 1, "stamina_max": 69, "weight_kg": 42.06884765625, "sortBy": "cp", "pokemon_name": "PSYDUCK", "move_1_type": "Water", "individual_defense": 15, "height_m": 1.1144651174545288, "favorite": "star_grey.png", "timeStamp": 0}, {"move_1_dmg": "7", "candies": 82, "cp": 581, "id": "1690555714043218793", "stamina": 61, "move_1": "Vine Whip", "move_2": "Seed Bomb", "move_2_dmg": "40", "pokemon_id": 1, "individual_stamina": 8, "reqCandies": 25, "move_2_type": "Grass", "creation_time_ms": 1470842140, "candyFamily": "BULBASAUR", "individual_attack": 0, "stamina_max": 61, "weight_kg": 3.2836804389953613, "sortBy": "cp", "pokemon_name": "BULBASAUR", "move_1_type": "Grass", "individual_defense": 15, "height_m": 0.6023187041282654, "favorite": "star_grey.png", "timeStamp": 0}, {"move_1_dmg": "10", "candies": 297, "cp": 421, "id": "357198240030817060", "stamina": 60, "move_1": "Quick Attack", "move_2": "Dig", "move_2_dmg": "70", "pokemon_id": 133, "individual_stamina": 12, "reqCandies": 25, "move_2_type": "Ground", "creation_time_ms": 1470988657, "candyFamily": "EEVEE", "individual_attack": 15, "stamina_max": 60, "weight_kg": 8.382600784301758, "sortBy": "cp", "pokemon_name": "EEVEE", "move_1_type": "Normal", "individual_defense": 12, "height_m": 0.3447284698486328, "favorite": "star_grey.png", "timeStamp": 0}, {"move_1_dmg": "5", "candies": 87, "cp": 368, "id": "9194044587419765380", "stamina": 69, "move_1": "Low Kick", "move_2": "Brick Break", "move_2_dmg": "30", "pokemon_id": 66, "individual_stamina": 11, "reqCandies": 25, "move_2_type": "Fighting", "creation_time_ms": 1469397976, "candyFamily": "MACHOP", "individual_attack": 15, "stamina_max": 69, "weight_kg": 24.82493019104004, "sortBy": "cp", "pokemon_name": "MACHOP", "move_1_type": "Fighting", "individual_defense": 15, "height_m": 0.8439426422119141, "favorite": "star_grey.png", "timeStamp": 0}, {"move_1_dmg": "6", "candies": 145, "cp": 470, "id": "3051366194985708179", "stamina": 57, "move_1": "Water Gun", "move_2": "Hydro Pump", "move_2_dmg": "90", "pokemon_id": 139, "individual_stamina": 12, "reqCandies": 0, "move_2_type": "Water", "creation_time_ms": 1469400893, "candyFamily": "OMANYTE", "individual_attack": 8, "stamina_max": 57, "weight_kg": 41.010128021240234, "sortBy": "cp", "pokemon_name": "OMASTAR", "move_1_type": "Water", "individual_defense": 6, "height_m": 1.0492557287216187, "favorite": "star_grey.png", "timeStamp": 0}, {"move_1_dmg": "15", "candies": 24, "cp": 1551, "id": "3758286116848374620", "stamina": 109, "move_1": "Confusion", "move_2": "Psychic", "move_2_dmg": "55", "pokemon_id": 55, "individual_stamina": 4, "reqCandies": 0, "move_2_type": "Psychic", "creation_time_ms": 1470797600, "candyFamily": "PSYDUCK", "individual_attack": 3, "stamina_max": 109, "weight_kg": 47.410926818847656, "sortBy": "cp", "pokemon_name": "GOLDUCK", "move_1_type": "Psychic", "individual_defense": 14, "height_m": 2.235832452774048, "favorite": "star_grey.png", "timeStamp": 0}, {"move_1_dmg": "8", "candies": 27, "cp": 1025, "id": "15626727185631482479", "stamina": 98, "move_1": "Metal Claw", "move_2": "Earthquake", "move_2_dmg": "100", "pokemon_id": 28, "individual_stamina": 15, "reqCandies": 0, "move_2_type": "Ground", "creation_time_ms": 1470716025, "candyFamily": "SANDSHREW", "individual_attack": 14, "stamina_max": 98, "weight_kg": 5.445197105407715, "sortBy": "cp", "pokemon_name": "SANDSLASH", "move_1_type": "Steel", "individual_defense": 14, "height_m": 0.8976142406463623, "favorite": "star_grey.png", "timeStamp": 0}, {"move_1_dmg": "12", "candies": 24, "cp": 546, "id": "12020501141861808505", "stamina": 66, "move_1": "Zen Headbutt", "move_2": "Cross Chop", "move_2_dmg": "60", "pokemon_id": 54, "individual_stamina": 14, "reqCandies": 50, "move_2_type": "Fighting", "creation_time_ms": 1470989339, "candyFamily": "PSYDUCK", "individual_attack": 3, "stamina_max": 66, "weight_kg": 23.757110595703125, "sortBy": "cp", "pokemon_name": "PSYDUCK", "move_1_type": "Psychic", "individual_defense": 13, "height_m": 0.8317896127700806, "favorite": "star_grey.png", "timeStamp": 0}, {"move_1_dmg": "6", "candies": 133, "cp": 565, "id": "15345902007712827884", "stamina": 54, "move_1": "Dragon Breath", "move_2": "Wrap", "move_2_dmg": "25", "pokemon_id": 147, "individual_stamina": 7, "reqCandies": 25, "move_2_type": "Normal", "creation_time_ms": 1470821950, "candyFamily": "DRATINI", "individual_attack": 15, "stamina_max": 54, "weight_kg": 1.196114182472229, "sortBy": "cp", "pokemon_name": "DRATINI", "move_1_type": "Dragon", "individual_defense": 15, "height_m": 1.2253215312957764, "favorite": "star_grey.png", "timeStamp": 0}, {"move_1_dmg": "10", "candies": 10, "cp": 228, "id": "8734371749934710810", "stamina": 38, "move_1": "Ember", "move_2": "Body Slam", "move_2_dmg": "40", "pokemon_id": 37, "individual_stamina": 11, "reqCandies": 50, "move_2_type": "Normal", "creation_time_ms": 1470979625, "candyFamily": "VULPIX", "individual_attack": 4, "stamina_max": 38, "weight_kg": 10.651310920715332, "sortBy": "cp", "pokemon_name": "VULPIX", "move_1_type": "Fire", "individual_defense": 11, "height_m": 0.6040729284286499, "favorite": "star_grey.png", "timeStamp": 0}, {"move_1_dmg": "10", "candies": 99, "cp": 619, "id": "3709716901821154396", "stamina": 67, "move_1": "Ember", "move_2": "Body Slam", "move_2_dmg": "40", "pokemon_id": 58, "individual_stamina": 13, "reqCandies": 50, "move_2_type": "Normal", "creation_time_ms": 1469400947, "candyFamily": "GROWLITHE", "individual_attack": 10, "stamina_max": 67, "weight_kg": 26.681676864624023, "sortBy": "cp", "pokemon_name": "GROWLITHE", "move_1_type": "Fire", "individual_defense": 13, "height_m": 0.8185157775878906, "favorite": "star_grey.png", "timeStamp": 0}, {"move_1_dmg": "12", "candies": 56, "cp": 2298, "id": "14621488995902460382", "stamina": 225, "move_1": "Zen Headbutt", "move_2": "Earthquake", "move_2_dmg": "100", "pokemon_id": 143, "individual_stamina": 11, "reqCandies": 0, "move_2_type": "Ground", "creation_time_ms": 1471140979, "candyFamily": "SNORLAX", "individual_attack": 15, "stamina_max": 225, "weight_kg": 603.4037475585938, "sortBy": "cp", "pokemon_name": "SNORLAX", "move_1_type": "Psychic", "individual_defense": 15, "height_m": 2.3089206218719482, "favorite": "star_grey.png", "timeStamp": 0}, {"move_1_dmg": "15", "candies": 2, "cp": 910, "id": "1883318558300364815", "stamina": 98, "move_1": "Steel Wing", "move_2": "Aerial Ace", "move_2_dmg": "30", "pokemon_id": 17, "individual_stamina": 13, "reqCandies": 50, "move_2_type": "Flying", "creation_time_ms": 1470842744, "candyFamily": "PIDGEY", "individual_attack": 6, "stamina_max": 98, "weight_kg": 6.423933982849121, "sortBy": "cp", "pokemon_name": "PIDGEOTTO", "move_1_type": "Steel", "individual_defense": 15, "height_m": 0.9416391849517822, "favorite": "star_grey.png", "timeStamp": 0}, {"move_1_dmg": "12", "candies": 6, "cp": 380, "id": "4864424778221324715", "stamina": 50, "move_1": "Tackle", "move_2": "Discharge", "move_2_dmg": "35", "pokemon_id": 100, "individual_stamina": 14, "reqCandies": 50, "move_2_type": "Electric", "creation_time_ms": 1469397135, "candyFamily": "VOLTORB", "individual_attack": 15, "stamina_max": 50, "weight_kg": 10.720569610595703, "sortBy": "cp", "pokemon_name": "VOLTORB", "move_1_type": "Normal", "individual_defense": 14, "height_m": 0.4752787947654724, "favorite": "star_grey.png", "timeStamp": 0}, {"move_1_dmg": "10", "candies": 47, "cp": 159, "id": "8601282167618372992", "stamina": 27, "move_1": "Ember", "move_2": "Flame Burst", "move_2_dmg": "30", "pokemon_id": 4, "individual_stamina": 0, "reqCandies": 25, "move_2_type": "Fire", "creation_time_ms": 1470821796, "candyFamily": "CHARMANDER", "individual_attack": 9, "stamina_max": 27, "weight_kg": 15.565861701965332, "sortBy": "cp", "pokemon_name": "CHARMANDER", "move_1_type": "Fire", "individual_defense": 9, "height_m": 0.8544113039970398, "favorite": "star_grey.png", "timeStamp": 0}, {"move_1_dmg": "6", "candies": 7, "cp": 290, "id": "13575673106289005559", "stamina": 70, "move_1": "Poison Sting", "move_2": "Struggle", "move_2_dmg": "15", "pokemon_id": 14, "individual_stamina": 14, "reqCandies": 50, "move_2_type": "Normal", "creation_time_ms": 1470843947, "candyFamily": "WEEDLE", "individual_attack": 1, "stamina_max": 70, "weight_kg": 5.078248023986816, "sortBy": "cp", "pokemon_name": "KAKUNA", "move_1_type": "Poison", "individual_defense": 13, "height_m": 0.6893512010574341, "favorite": "star_grey.png", "timeStamp": 0}, {"move_1_dmg": "10", "candies": 61, "cp": 584, "id": "6628711753382939337", "stamina": 58, "move_1": "Quick Attack", "move_2": "Thunderbolt", "move_2_dmg": "55", "pokemon_id": 25, "individual_stamina": 14, "reqCandies": 50, "move_2_type": "Electric", "creation_time_ms": 1470847224, "candyFamily": "PIKACHU", "individual_attack": 1, "stamina_max": 58, "weight_kg": 8.82800579071045, "sortBy": "cp", "pokemon_name": "PIKACHU", "move_1_type": "Normal", "individual_defense": 4, "height_m": 0.490256130695343, "favorite": "star_grey.png", "timeStamp": 0}, {"move_1_dmg": "6", "candies": 45, "cp": 36, "id": "920812579987931966", "stamina": 15, "move_1": "Poison Sting", "move_2": "Wrap", "move_2_dmg": "25", "pokemon_id": 72, "individual_stamina": 14, "reqCandies": 50, "move_2_type": "Normal", "creation_time_ms": 1470987987, "candyFamily": "TENTACOOL", "individual_attack": 5, "stamina_max": 15, "weight_kg": 33.60824966430664, "sortBy": "cp", "pokemon_name": "TENTACOOL", "move_1_type": "Poison", "individual_defense": 15, "height_m": 0.8191969990730286, "favorite": "star_grey.png", "timeStamp": 0}, {"move_1_dmg": "15", "candies": 59, "cp": 201, "id": "6394462119681291013", "stamina": 42, "move_1": "Confusion", "move_2": "Ancient Power", "move_2_dmg": "35", "pokemon_id": 102, "individual_stamina": 3, "reqCandies": 50, "move_2_type": "Rock", "creation_time_ms": 1470823714, "candyFamily": "EXEGGCUTE", "individual_attack": 13, "stamina_max": 42, "weight_kg": 2.6380808353424072, "sortBy": "cp", "pokemon_name": "EXEGGCUTE", "move_1_type": "Psychic", "individual_defense": 15, "height_m": 0.4403858482837677, "favorite": "star_grey.png", "timeStamp": 0}, {"move_1_dmg": "12", "candies": 24, "cp": 266, "id": "3215674448841053293", "stamina": 45, "move_1": "Zen Headbutt", "move_2": "Cross Chop", "move_2_dmg": "60", "pokemon_id": 54, "individual_stamina": 13, "reqCandies": 50, "move_2_type": "Fighting", "creation_time_ms": 1470707162, "candyFamily": "PSYDUCK", "individual_attack": 13, "stamina_max": 45, "weight_kg": 24.272201538085938, "sortBy": "cp", "pokemon_name": "PSYDUCK", "move_1_type": "Psychic", "individual_defense": 5, "height_m": 0.8495964407920837, "favorite": "star_grey.png", "timeStamp": 0}, {"move_1_dmg": "9", "candies": 2, "cp": 1465, "id": "6937442734660194263", "stamina": 110, "move_1": "Wing Attack", "move_2": "Air Cutter", "move_2_dmg": "30", "pokemon_id": 42, "individual_stamina": 7, "reqCandies": 0, "move_2_type": "Flying", "creation_time_ms": 1470843319, "candyFamily": "ZUBAT", "individual_attack": 14, "stamina_max": 110, "weight_kg": 2.29024338722229, "sortBy": "cp", "pokemon_name": "GOLBAT", "move_1_type": "Flying", "individual_defense": 9, "height_m": 1.3446311950683594, "favorite": "star_grey.png", "timeStamp": 0}, {"move_1_dmg": "6", "candies": 109, "cp": 798, "id": "4025557589421655005", "stamina": 74, "move_1": "Mud Shot", "move_2": "Stone Edge", "move_2_dmg": "80", "pokemon_id": 75, "individual_stamina": 15, "reqCandies": 100, "move_2_type": "Rock", "creation_time_ms": 1470615621, "candyFamily": "GEODUDE", "individual_attack": 11, "stamina_max": 74, "weight_kg": 13.18643569946289, "sortBy": "cp", "pokemon_name": "GRAVELER", "move_1_type": "Ground", "individual_defense": 15, "height_m": 0.9394567012786865, "favorite": "star_grey.png", "timeStamp": 0}, {"move_1_dmg": "10", "candies": 297, "cp": 659, "id": "18238308873079960986", "stamina": 78, "move_1": "Quick Attack", "move_2": "Dig", "move_2_dmg": "70", "pokemon_id": 133, "individual_stamina": 15, "reqCandies": 25, "move_2_type": "Ground", "creation_time_ms": 1470716265, "candyFamily": "EEVEE", "individual_attack": 13, "stamina_max": 78, "weight_kg": 7.602556228637695, "sortBy": "cp", "pokemon_name": "EEVEE", "move_1_type": "Normal", "individual_defense": 12, "height_m": 0.31289002299308777, "favorite": "star_grey.png", "timeStamp": 0}, {"move_1_dmg": "15", "candies": 82, "cp": 1717, "id": "1167239919376649225", "stamina": 111, "move_1": "Razor Leaf", "move_2": "Sludge Bomb", "move_2_dmg": "55", "pokemon_id": 3, "individual_stamina": 4, "reqCandies": 0, "move_2_type": "Poison", "creation_time_ms": 1471140942, "candyFamily": "BULBASAUR", "individual_attack": 0, "stamina_max": 111, "weight_kg": 116.83661651611328, "sortBy": "cp", "pokemon_name": "VENUSAUR", "move_1_type": "Grass", "individual_defense": 13, "height_m": 1.935475468635559, "favorite": "star_grey.png", "timeStamp": 0}, {"move_1_dmg": "15", "candies": 59, "cp": 575, "id": "4020100304459512582", "stamina": 78, "move_1": "Confusion", "move_2": "Seed Bomb", "move_2_dmg": "40", "pokemon_id": 102, "individual_stamina": 14, "reqCandies": 50, "move_2_type": "Grass", "creation_time_ms": 1470644305, "candyFamily": "EXEGGCUTE", "individual_attack": 11, "stamina_max": 78, "weight_kg": 2.2801291942596436, "sortBy": "cp", "pokemon_name": "EXEGGCUTE", "move_1_type": "Psychic", "individual_defense": 15, "height_m": 0.35613083839416504, "favorite": "star_grey.png", "timeStamp": 0}, {"move_1_dmg": "6", "candies": 297, "cp": 84, "id": "12139582966380877241", "stamina": 24, "move_1": "Poison Sting", "move_2": "Body Slam", "move_2_dmg": "40", "pokemon_id": 32, "individual_stamina": 5, "reqCandies": 25, "move_2_type": "Normal", "creation_time_ms": 1469368506, "candyFamily": "NIDORAN_MALE", "individual_attack": 15, "stamina_max": 24, "weight_kg": 13.107755661010742, "sortBy": "cp", "pokemon_name": "NIDORAN_MALE", "move_1_type": "Poison", "individual_defense": 15, "height_m": 0.5881547331809998, "favorite": "star_grey.png", "timeStamp": 0}, {"move_1_dmg": "12", "candies": 82, "cp": 424, "id": "13349563300999774714", "stamina": 53, "move_1": "Tackle", "move_2": "Power Whip", "move_2_dmg": "70", "pokemon_id": 1, "individual_stamina": 11, "reqCandies": 25, "move_2_type": "Grass", "creation_time_ms": 1470980617, "candyFamily": "BULBASAUR", "individual_attack": 0, "stamina_max": 53, "weight_kg": 6.313022613525391, "sortBy": "cp", "pokemon_name": "BULBASAUR", "move_1_type": "Normal", "individual_defense": 12, "height_m": 0.654288113117218, "favorite": "star_grey.png", "timeStamp": 0}, {"move_1_dmg": "15", "candies": 42, "cp": 124, "id": "16764340024536076837", "stamina": 38, "move_1": "Confusion", "move_2": "Poison Fang", "move_2_dmg": "25", "pokemon_id": 48, "individual_stamina": 11, "reqCandies": 50, "move_2_type": "Poison", "creation_time_ms": 1471007785, "candyFamily": "VENONAT", "individual_attack": 7, "stamina_max": 38, "weight_kg": 46.16621398925781, "sortBy": "cp", "pokemon_name": "VENONAT", "move_1_type": "Psychic", "individual_defense": 9, "height_m": 1.0962460041046143, "favorite": "star_grey.png", "timeStamp": 0}, {"move_1_dmg": "10", "candies": 297, "cp": 715, "id": "13297521829370666536", "stamina": 77, "move_1": "Quick Attack", "move_2": "Dig", "move_2_dmg": "70", "pokemon_id": 133, "individual_stamina": 8, "reqCandies": 25, "move_2_type": "Ground", "creation_time_ms": 1470993585, "candyFamily": "EEVEE", "individual_attack": 15, "stamina_max": 77, "weight_kg": 5.187008857727051, "sortBy": "cp", "pokemon_name": "EEVEE", "move_1_type": "Normal", "individual_defense": 14, "height_m": 0.2663501501083374, "favorite": "star_grey.png", "timeStamp": 0}, {"move_1_dmg": "6", "candies": 25, "cp": 737, "id": "3677306141238320932", "stamina": 51, "move_1": "Water Gun", "move_2": "Swift", "move_2_dmg": "30", "pokemon_id": 120, "individual_stamina": 13, "reqCandies": 50, "move_2_type": "Normal", "creation_time_ms": 1470990859, "candyFamily": "STARYU", "individual_attack": 15, "stamina_max": 51, "weight_kg": 45.920711517333984, "sortBy": "cp", "pokemon_name": "STARYU", "move_1_type": "Water", "individual_defense": 14, "height_m": 0.8911904096603394, "favorite": "star_grey.png", "timeStamp": 0}, {"move_1_dmg": "0", "candies": 1038, "cp": 177, "id": "12108012899168145183", "stamina": 35, "move_1": "Splash", "move_2": "Struggle", "move_2_dmg": "15", "pokemon_id": 129, "individual_stamina": 13, "reqCandies": 400, "move_2_type": "Normal", "creation_time_ms": 1470844503, "candyFamily": "MAGIKARP", "individual_attack": 14, "stamina_max": 35, "weight_kg": 16.781105041503906, "sortBy": "cp", "pokemon_name": "MAGIKARP", "move_1_type": "Water", "individual_defense": 11, "height_m": 1.1208587884902954, "favorite": "star_grey.png", "timeStamp": 0}, {"move_1_dmg": "6", "candies": 145, "cp": 507, "id": "819883787903016259", "stamina": 40, "move_1": "Mud Shot", "move_2": "Brine", "move_2_dmg": "25", "pokemon_id": 138, "individual_stamina": 1, "reqCandies": 50, "move_2_type": "Water", "creation_time_ms": 1469395749, "candyFamily": "OMANYTE", "individual_attack": 11, "stamina_max": 40, "weight_kg": 4.914987087249756, "sortBy": "cp", "pokemon_name": "OMANYTE", "move_1_type": "Ground", "individual_defense": 12, "height_m": 0.3742925226688385, "favorite": "star_grey.png", "timeStamp": 0}, {"move_1_dmg": "25", "candies": 25, "cp": 505, "id": "15183396737691872527", "stamina": 45, "move_1": "Bubble", "move_2": "Flash Cannon", "move_2_dmg": "60", "pokemon_id": 116, "individual_stamina": 11, "reqCandies": 50, "move_2_type": "Steel", "creation_time_ms": 1470801252, "candyFamily": "HORSEA", "individual_attack": 15, "stamina_max": 45, "weight_kg": 6.933592796325684, "sortBy": "cp", "pokemon_name": "HORSEA", "move_1_type": "Water", "individual_defense": 14, "height_m": 0.33570945262908936, "favorite": "star_grey.png", "timeStamp": 0}, {"move_1_dmg": "6", "candies": 99, "cp": 504, "id": "1949635990281434390", "stamina": 61, "move_1": "Bite", "move_2": "Body Slam", "move_2_dmg": "40", "pokemon_id": 58, "individual_stamina": 14, "reqCandies": 50, "move_2_type": "Normal", "creation_time_ms": 1470988385, "candyFamily": "GROWLITHE", "individual_attack": 13, "stamina_max": 61, "weight_kg": 9.08928394317627, "sortBy": "cp", "pokemon_name": "GROWLITHE", "move_1_type": "Dark", "individual_defense": 5, "height_m": 0.5514628291130066, "favorite": "star_grey.png", "timeStamp": 0}, {"move_1_dmg": "12", "candies": 37, "cp": 1182, "id": "7113863848338818055", "stamina": 86, "move_1": "Feint Attack", "move_2": "Aerial Ace", "move_2_dmg": "30", "pokemon_id": 85, "individual_stamina": 12, "reqCandies": 0, "move_2_type": "Flying", "creation_time_ms": 1470702922, "candyFamily": "DODUO", "individual_attack": 8, "stamina_max": 86, "weight_kg": 49.28921890258789, "sortBy": "cp", "pokemon_name": "DODRIO", "move_1_type": "Dark", "individual_defense": 10, "height_m": 1.963059663772583, "favorite": "star_grey.png", "timeStamp": 0}, {"move_1_dmg": "25", "candies": 80, "cp": 134, "id": "10269199152079234055", "stamina": 29, "move_1": "Bubble", "move_2": "Aqua Jet", "move_2_dmg": "25", "pokemon_id": 7, "individual_stamina": 14, "reqCandies": 25, "move_2_type": "Water", "creation_time_ms": 1470615621, "candyFamily": "SQUIRTLE", "individual_attack": 15, "stamina_max": 29, "weight_kg": 9.845436096191406, "sortBy": "cp", "pokemon_name": "SQUIRTLE", "move_1_type": "Water", "individual_defense": 13, "height_m": 0.5595313906669617, "favorite": "star_grey.png", "timeStamp": 0}, {"move_1_dmg": "6", "candies": 124, "cp": 280, "id": "7998392581137189289", "stamina": 29, "move_1": "Scratch", "move_2": "Rock Tomb", "move_2_dmg": "30", "pokemon_id": 140, "individual_stamina": 14, "reqCandies": 50, "move_2_type": "Rock", "creation_time_ms": 1469377826, "candyFamily": "KABUTO", "individual_attack": 15, "stamina_max": 29, "weight_kg": 12.145668029785156, "sortBy": "cp", "pokemon_name": "KABUTO", "move_1_type": "Normal", "individual_defense": 15, "height_m": 0.4606381058692932, "favorite": "star_grey.png", "timeStamp": 0}, {"move_1_dmg": "25", "candies": 25, "cp": 562, "id": "3465093538846284738", "stamina": 45, "move_1": "Bubble", "move_2": "Dragon Pulse", "move_2_dmg": "65", "pokemon_id": 116, "individual_stamina": 6, "reqCandies": 50, "move_2_type": "Dragon", "creation_time_ms": 1470826505, "candyFamily": "HORSEA", "individual_attack": 12, "stamina_max": 45, "weight_kg": 7.897758960723877, "sortBy": "cp", "pokemon_name": "HORSEA", "move_1_type": "Water", "individual_defense": 15, "height_m": 0.4104672968387604, "favorite": "star_grey.png", "timeStamp": 0}, {"move_1_dmg": "12", "candies": 297, "cp": 207, "id": "1993177086927549082", "stamina": 42, "move_1": "Tackle", "move_2": "Dig", "move_2_dmg": "70", "pokemon_id": 133, "individual_stamina": 13, "reqCandies": 25, "move_2_type": "Ground", "creation_time_ms": 1470826892, "candyFamily": "EEVEE", "individual_attack": 15, "stamina_max": 42, "weight_kg": 5.48020601272583, "sortBy": "cp", "pokemon_name": "EEVEE", "move_1_type": "Normal", "individual_defense": 14, "height_m": 0.27156969904899597, "favorite": "star_grey.png", "timeStamp": 0}, {"move_1_dmg": "0", "candies": 1038, "cp": 181, "id": "13305893741980216578", "stamina": 35, "move_1": "Splash", "move_2": "Struggle", "move_2_dmg": "15", "pokemon_id": 129, "individual_stamina": 11, "reqCandies": 400, "move_2_type": "Normal", "creation_time_ms": 1470980006, "candyFamily": "MAGIKARP", "individual_attack": 11, "stamina_max": 35, "weight_kg": 4.352110862731934, "sortBy": "cp", "pokemon_name": "MAGIKARP", "move_1_type": "Water", "individual_defense": 15, "height_m": 0.7601684927940369, "favorite": "star_grey.png", "timeStamp": 0}, {"move_1_dmg": "5", "candies": 43, "cp": 1237, "id": "17185762854314008252", "stamina": 86, "move_1": "Bug Bite", "move_2": "X-Scissor", "move_2_dmg": "35", "pokemon_id": 47, "individual_stamina": 7, "reqCandies": 0, "move_2_type": "Bug", "creation_time_ms": 1470798955, "candyFamily": "PARAS", "individual_attack": 12, "stamina_max": 86, "weight_kg": 25.833852767944336, "sortBy": "cp", "pokemon_name": "PARASECT", "move_1_type": "Bug", "individual_defense": 15, "height_m": 0.8882641196250916, "favorite": "star_grey.png", "timeStamp": 0}, {"move_1_dmg": "6", "candies": 23, "cp": 618, "id": "16882850612364557707", "stamina": 86, "move_1": "Water Gun", "move_2": "Aqua Tail", "move_2_dmg": "45", "pokemon_id": 86, "individual_stamina": 14, "reqCandies": 50, "move_2_type": "Water", "creation_time_ms": 1470827204, "candyFamily": "SEEL", "individual_attack": 14, "stamina_max": 86, "weight_kg": 96.51937866210938, "sortBy": "cp", "pokemon_name": "SEEL", "move_1_type": "Water", "individual_defense": 12, "height_m": 1.1514171361923218, "favorite": "star_grey.png", "timeStamp": 0}, {"move_1_dmg": "10", "candies": 99, "cp": 1009, "id": "12014456288506735559", "stamina": 84, "move_1": "Ember", "move_2": "Flamethrower", "move_2_dmg": "55", "pokemon_id": 58, "individual_stamina": 10, "reqCandies": 50, "move_2_type": "Fire", "creation_time_ms": 1470991557, "candyFamily": "GROWLITHE", "individual_attack": 13, "stamina_max": 84, "weight_kg": 18.390466690063477, "sortBy": "cp", "pokemon_name": "GROWLITHE", "move_1_type": "Fire", "individual_defense": 9, "height_m": 0.6271137595176697, "favorite": "star_grey.png", "timeStamp": 0}, {"move_1_dmg": "12", "candies": 297, "cp": 144, "id": "15670723232614307810", "stamina": 35, "move_1": "Tackle", "move_2": "Swift", "move_2_dmg": "30", "pokemon_id": 133, "individual_stamina": 13, "reqCandies": 25, "move_2_type": "Normal", "creation_time_ms": 1470992361, "candyFamily": "EEVEE", "individual_attack": 15, "stamina_max": 35, "weight_kg": 5.742495536804199, "sortBy": "cp", "pokemon_name": "EEVEE", "move_1_type": "Normal", "individual_defense": 15, "height_m": 0.27718275785446167, "favorite": "star_grey.png", "timeStamp": 0}, {"move_1_dmg": "0", "candies": 1038, "cp": 51, "id": "740965010213917559", "stamina": 19, "move_1": "Splash", "move_2": "Struggle", "move_2_dmg": "15", "pokemon_id": 129, "individual_stamina": 15, "reqCandies": 400, "move_2_type": "Normal", "creation_time_ms": 1470803007, "candyFamily": "MAGIKARP", "individual_attack": 15, "stamina_max": 19, "weight_kg": 11.604066848754883, "sortBy": "cp", "pokemon_name": "MAGIKARP", "move_1_type": "Water", "individual_defense": 14, "height_m": 0.9433308243751526, "favorite": "star_grey.png", "timeStamp": 0}, {"move_1_dmg": "7", "candies": 41, "cp": 821, "id": "2761844251950936840", "stamina": 66, "move_1": "Psycho Cut", "move_2": "Psychic", "move_2_dmg": "55", "pokemon_id": 65, "individual_stamina": 14, "reqCandies": 0, "move_2_type": "Psychic", "creation_time_ms": 1470700628, "candyFamily": "ABRA", "individual_attack": 14, "stamina_max": 66, "weight_kg": 73.9599609375, "sortBy": "cp", "pokemon_name": "ALAKAZAM", "move_1_type": "Psychic", "individual_defense": 15, "height_m": 1.7484591007232666, "favorite": "star_grey.png", "timeStamp": 0}, {"move_1_dmg": "15", "candies": 56, "cp": 1443, "id": "8370480752714208789", "stamina": 103, "move_1": "Steel Wing", "move_2": "Bug Buzz", "move_2_dmg": "75", "pokemon_id": 123, "individual_stamina": 15, "reqCandies": 0, "move_2_type": "Bug", "creation_time_ms": 1470821133, "candyFamily": "SCYTHER", "individual_attack": 14, "stamina_max": 103, "weight_kg": 44.12862777709961, "sortBy": "cp", "pokemon_name": "SCYTHER", "move_1_type": "Steel", "individual_defense": 7, "height_m": 1.4025678634643555, "favorite": "star_grey.png", "timeStamp": 0}, {"move_1_dmg": "12", "candies": 11, "cp": 370, "id": "3924733717525158003", "stamina": 45, "move_1": "Tackle", "move_2": "Iron Head", "move_2_dmg": "30", "pokemon_id": 95, "individual_stamina": 15, "reqCandies": 0, "move_2_type": "Steel", "creation_time_ms": 1469385475, "candyFamily": "ONIX", "individual_attack": 13, "stamina_max": 45, "weight_kg": 300.6963806152344, "sortBy": "cp", "pokemon_name": "ONIX", "move_1_type": "Normal", "individual_defense": 1, "height_m": 10.650896072387695, "favorite": "star_grey.png", "timeStamp": 0}, {"move_1_dmg": "6", "candies": 133, "cp": 228, "id": "13039701972919603868", "stamina": 38, "move_1": "Dragon Breath", "move_2": "Wrap", "move_2_dmg": "25", "pokemon_id": 148, "individual_stamina": 11, "reqCandies": 100, "move_2_type": "Normal", "creation_time_ms": 1471140285, "candyFamily": "DRATINI", "individual_attack": 15, "stamina_max": 38, "weight_kg": 15.480231285095215, "sortBy": "cp", "pokemon_name": "DRAGONAIR", "move_1_type": "Dragon", "individual_defense": 9, "height_m": 3.8482375144958496, "favorite": "star_grey.png", "timeStamp": 0}, {"move_1_dmg": "15", "candies": 42, "cp": 1171, "id": "471407365311738293", "stamina": 96, "move_1": "Confusion", "move_2": "Poison Fang", "move_2_dmg": "25", "pokemon_id": 49, "individual_stamina": 14, "reqCandies": 0, "move_2_type": "Poison", "creation_time_ms": 1470826740, "candyFamily": "VENONAT", "individual_attack": 13, "stamina_max": 96, "weight_kg": 17.292369842529297, "sortBy": "cp", "pokemon_name": "VENOMOTH", "move_1_type": "Psychic", "individual_defense": 15, "height_m": 1.7234781980514526, "favorite": "star_grey.png", "timeStamp": 0}, {"move_1_dmg": "12", "candies": 297, "cp": 608, "id": "16339690471455547721", "stamina": 74, "move_1": "Tackle", "move_2": "Dig", "move_2_dmg": "70", "pokemon_id": 133, "individual_stamina": 14, "reqCandies": 25, "move_2_type": "Ground", "creation_time_ms": 1470704547, "candyFamily": "EEVEE", "individual_attack": 14, "stamina_max": 74, "weight_kg": 7.410930156707764, "sortBy": "cp", "pokemon_name": "EEVEE", "move_1_type": "Normal", "individual_defense": 15, "height_m": 0.31357163190841675, "favorite": "star_grey.png", "timeStamp": 0}, {"move_1_dmg": "6", "candies": 186, "cp": 253, "id": "17021133755035037766", "stamina": 20, "move_1": "Scratch", "move_2": "Mud Bomb", "move_2_dmg": "30", "pokemon_id": 50, "individual_stamina": 14, "reqCandies": 50, "move_2_type": "Ground", "creation_time_ms": 1470621264, "candyFamily": "DIGLETT", "individual_attack": 13, "stamina_max": 20, "weight_kg": 0.8648390173912048, "sortBy": "cp", "pokemon_name": "DIGLETT", "move_1_type": "Normal", "individual_defense": 15, "height_m": 0.22427672147750854, "favorite": "star_grey.png", "timeStamp": 0}, {"move_1_dmg": "7", "candies": 284, "cp": 84, "id": "12871827309578278781", "stamina": 33, "move_1": "Pound", "move_2": "Moonblast", "move_2_dmg": "85", "pokemon_id": 35, "individual_stamina": 15, "reqCandies": 50, "move_2_type": "Fairy", "creation_time_ms": 1470699097, "candyFamily": "CLEFAIRY", "individual_attack": 8, "stamina_max": 33, "weight_kg": 8.22153091430664, "sortBy": "cp", "pokemon_name": "CLEFAIRY", "move_1_type": "Normal", "individual_defense": 13, "height_m": 0.6257157325744629, "favorite": "star_grey.png", "timeStamp": 0}, {"move_1_dmg": "6", "candies": 133, "cp": 157, "id": "3094754133599023748", "stamina": 29, "move_1": "Dragon Breath", "move_2": "Aqua Tail", "move_2_dmg": "45", "pokemon_id": 147, "individual_stamina": 9, "reqCandies": 25, "move_2_type": "Water", "creation_time_ms": 1470983152, "candyFamily": "DRATINI", "individual_attack": 15, "stamina_max": 29, "weight_kg": 2.643310546875, "sortBy": "cp", "pokemon_name": "DRATINI", "move_1_type": "Dragon", "individual_defense": 15, "height_m": 1.5565953254699707, "favorite": "star_grey.png", "timeStamp": 0}, {"move_1_dmg": "6", "candies": 133, "cp": 463, "id": "5703237053655950963", "stamina": 51, "move_1": "Dragon Breath", "move_2": "Aqua Tail", "move_2_dmg": "45", "pokemon_id": 147, "individual_stamina": 11, "reqCandies": 25, "move_2_type": "Water", "creation_time_ms": 1470715167, "candyFamily": "DRATINI", "individual_attack": 15, "stamina_max": 51, "weight_kg": 2.3171942234039307, "sortBy": "cp", "pokemon_name": "DRATINI", "move_1_type": "Dragon", "individual_defense": 13, "height_m": 1.7273927927017212, "favorite": "star_grey.png", "timeStamp": 0}, {"move_1_dmg": "12", "candies": 82, "cp": 40, "id": "14535936725732938294", "stamina": 14, "move_1": "Tackle", "move_2": "Seed Bomb", "move_2_dmg": "40", "pokemon_id": 1, "individual_stamina": 0, "reqCandies": 25, "move_2_type": "Grass", "creation_time_ms": 1470991911, "candyFamily": "BULBASAUR", "individual_attack": 6, "stamina_max": 14, "weight_kg": 3.4464235305786133, "sortBy": "cp", "pokemon_name": "BULBASAUR", "move_1_type": "Normal", "individual_defense": 8, "height_m": 0.5518631935119629, "favorite": "star_grey.png", "timeStamp": 0}, {"move_1_dmg": "10", "candies": 61, "cp": 561, "id": "992165017439664320", "stamina": 54, "move_1": "Quick Attack", "move_2": "Thunder", "move_2_dmg": "100", "pokemon_id": 25, "individual_stamina": 11, "reqCandies": 50, "move_2_type": "Electric", "creation_time_ms": 1470802695, "candyFamily": "PIKACHU", "individual_attack": 2, "stamina_max": 54, "weight_kg": 6.786469459533691, "sortBy": "cp", "pokemon_name": "PIKACHU", "move_1_type": "Normal", "individual_defense": 15, "height_m": 0.41320496797561646, "favorite": "star_grey.png", "timeStamp": 0}, {"move_1_dmg": "12", "candies": 18, "cp": 784, "id": "16376692339861520280", "stamina": 67, "move_1": "Tackle", "move_2": "Flame Wheel", "move_2_dmg": "40", "pokemon_id": 77, "individual_stamina": 13, "reqCandies": 50, "move_2_type": "Fire", "creation_time_ms": 1470823386, "candyFamily": "PONYTA", "individual_attack": 8, "stamina_max": 67, "weight_kg": 21.945730209350586, "sortBy": "cp", "pokemon_name": "PONYTA", "move_1_type": "Normal", "individual_defense": 0, "height_m": 0.9061664342880249, "favorite": "star_grey.png", "timeStamp": 0}, {"move_1_dmg": "12", "candies": 10, "cp": 183, "id": "4362764591458062497", "stamina": 60, "move_1": "Tackle", "move_2": "Struggle", "move_2_dmg": "15", "pokemon_id": 10, "individual_stamina": 14, "reqCandies": 12, "move_2_type": "Normal", "creation_time_ms": 1470992037, "candyFamily": "CATERPIE", "individual_attack": 0, "stamina_max": 60, "weight_kg": 3.3966727256774902, "sortBy": "cp", "pokemon_name": "CATERPIE", "move_1_type": "Normal", "individual_defense": 7, "height_m": 0.3257408142089844, "favorite": "star_grey.png", "timeStamp": 0}, {"move_1_dmg": "10", "candies": 11, "cp": 1046, "id": "8600353941374049334", "stamina": 81, "move_1": "Quick Attack", "move_2": "Hyper Beam", "move_2_dmg": "120", "pokemon_id": 20, "individual_stamina": 9, "reqCandies": 0, "move_2_type": "Normal", "creation_time_ms": 1470715836, "candyFamily": "RATTATA", "individual_attack": 15, "stamina_max": 81, "weight_kg": 4.740071773529053, "sortBy": "cp", "pokemon_name": "RATICATE", "move_1_type": "Normal", "individual_defense": 15, "height_m": 0.7516201138496399, "favorite": "star_grey.png", "timeStamp": 0}, {"move_1_dmg": "10", "candies": 297, "cp": 1876, "id": "147802541857251199", "stamina": 96, "move_1": "Ember", "move_2": "Flamethrower", "move_2_dmg": "55", "pokemon_id": 136, "individual_stamina": 14, "reqCandies": 0, "move_2_type": "Fire", "creation_time_ms": 1470723256, "candyFamily": "EEVEE", "individual_attack": 15, "stamina_max": 96, "weight_kg": 8.35231876373291, "sortBy": "cp", "pokemon_name": "Pyro", "move_1_type": "Fire", "individual_defense": 14, "height_m": 0.9383842945098877, "favorite": "star_grey.png", "timeStamp": 0}, {"move_1_dmg": "6", "candies": 80, "cp": 1673, "id": "11698093117734734288", "stamina": 107, "move_1": "Bite", "move_2": "Flash Cannon", "move_2_dmg": "60", "pokemon_id": 9, "individual_stamina": 0, "reqCandies": 0, "move_2_type": "Steel", "creation_time_ms": 1470846133, "candyFamily": "SQUIRTLE", "individual_attack": 4, "stamina_max": 107, "weight_kg": 85.5, "sortBy": "cp", "pokemon_name": "BLASTOISE", "move_1_type": "Dark", "individual_defense": 6, "height_m": 1.9342751502990723, "favorite": "star_grey.png", "timeStamp": 0}, {"move_1_dmg": "6", "candies": 1038, "cp": 1060, "id": "14423487527953337896", "stamina": 101, "move_1": "Dragon Breath", "move_2": "Twister", "move_2_dmg": "25", "pokemon_id": 130, "individual_stamina": 14, "reqCandies": 0, "move_2_type": "Dragon", "creation_time_ms": 1470981387, "candyFamily": "MAGIKARP", "individual_attack": 15, "stamina_max": 101, "weight_kg": 11.267078399658203, "sortBy": "cp", "pokemon_name": "GYARADOS", "move_1_type": "Dragon", "individual_defense": 10, "height_m": 6.39843225479126, "favorite": "star_grey.png", "timeStamp": 0}, {"move_1_dmg": "5", "candies": 7, "cp": 241, "id": "11739030986884288328", "stamina": 57, "move_1": "Bug Bite", "move_2": "Struggle", "move_2_dmg": "15", "pokemon_id": 13, "individual_stamina": 8, "reqCandies": 12, "move_2_type": "Normal", "creation_time_ms": 1470990833, "candyFamily": "WEEDLE", "individual_attack": 1, "stamina_max": 57, "weight_kg": 1.9738056659698486, "sortBy": "cp", "pokemon_name": "WEEDLE", "move_1_type": "Bug", "individual_defense": 12, "height_m": 0.22482861578464508, "favorite": "star_grey.png", "timeStamp": 0}, {"move_1_dmg": "15", "candies": 103, "cp": 455, "id": "1031564345075290105", "stamina": 58, "move_1": "Mud Slap", "move_2": "Bone Club", "move_2_dmg": "25", "pokemon_id": 104, "individual_stamina": 6, "reqCandies": 50, "move_2_type": "Ground", "creation_time_ms": 1470841230, "candyFamily": "CUBONE", "individual_attack": 14, "stamina_max": 58, "weight_kg": 4.5081915855407715, "sortBy": "cp", "pokemon_name": "CUBONE", "move_1_type": "Ground", "individual_defense": 8, "height_m": 0.3465874493122101, "favorite": "star_grey.png", "timeStamp": 0}, {"move_1_dmg": "12", "candies": 10, "cp": 286, "id": "13013592879733527585", "stamina": 66, "move_1": "Tackle", "move_2": "Struggle", "move_2_dmg": "15", "pokemon_id": 11, "individual_stamina": 1, "reqCandies": 50, "move_2_type": "Normal", "creation_time_ms": 1470821827, "candyFamily": "CATERPIE", "individual_attack": 13, "stamina_max": 66, "weight_kg": 2.588132858276367, "sortBy": "cp", "pokemon_name": "METAPOD", "move_1_type": "Normal", "individual_defense": 7, "height_m": 0.6114528775215149, "favorite": "star_grey.png", "timeStamp": 0}, {"move_1_dmg": "25", "candies": 44, "cp": 350, "id": "13048808278672272764", "stamina": 38, "move_1": "Bubble", "move_2": "Bubble Beam", "move_2_dmg": "30", "pokemon_id": 98, "individual_stamina": 12, "reqCandies": 50, "move_2_type": "Water", "creation_time_ms": 1470983845, "candyFamily": "KRABBY", "individual_attack": 14, "stamina_max": 38, "weight_kg": 5.4496169090271, "sortBy": "cp", "pokemon_name": "KRABBY", "move_1_type": "Water", "individual_defense": 14, "height_m": 0.38785669207572937, "favorite": "star_grey.png", "timeStamp": 0}, {"move_1_dmg": "0", "candies": 1038, "cp": 93, "id": "5531330696748998443", "stamina": 25, "move_1": "Splash", "move_2": "Struggle", "move_2_dmg": "15", "pokemon_id": 129, "individual_stamina": 13, "reqCandies": 400, "move_2_type": "Normal", "creation_time_ms": 1470983680, "candyFamily": "MAGIKARP", "individual_attack": 14, "stamina_max": 25, "weight_kg": 11.308460235595703, "sortBy": "cp", "pokemon_name": "MAGIKARP", "move_1_type": "Water", "individual_defense": 14, "height_m": 0.8907423615455627, "favorite": "star_grey.png", "timeStamp": 0}, {"move_1_dmg": "3", "candies": 90, "cp": 1468, "id": "9705994905941902543", "stamina": 96, "move_1": "Fury Cutter", "move_2": "X-Scissor", "move_2_dmg": "35", "pokemon_id": 127, "individual_stamina": 14, "reqCandies": 0, "move_2_type": "Bug", "creation_time_ms": 1470825524, "candyFamily": "PINSIR", "individual_attack": 14, "stamina_max": 96, "weight_kg": 60.460880279541016, "sortBy": "cp", "pokemon_name": "PINSIR", "move_1_type": "Bug", "individual_defense": 6, "height_m": 1.500589370727539, "favorite": "star_grey.png", "timeStamp": 0}, {"move_1_dmg": "6", "candies": 37, "cp": 737, "id": "5320838389840207038", "stamina": 69, "move_1": "Mud Shot", "move_2": "Water Pulse", "move_2_dmg": "35", "pokemon_id": 118, "individual_stamina": 8, "reqCandies": 50, "move_2_type": "Water", "creation_time_ms": 1470993619, "candyFamily": "GOLDEEN", "individual_attack": 14, "stamina_max": 69, "weight_kg": 18.497848510742188, "sortBy": "cp", "pokemon_name": "GOLDEEN", "move_1_type": "Ground", "individual_defense": 14, "height_m": 0.6133459210395813, "favorite": "star_grey.png", "timeStamp": 0}, {"move_1_dmg": "10", "candies": 25, "cp": 266, "id": "11194943907168131333", "stamina": 31, "move_1": "Quick Attack", "move_2": "Swift", "move_2_dmg": "30", "pokemon_id": 120, "individual_stamina": 14, "reqCandies": 50, "move_2_type": "Normal", "creation_time_ms": 1470830451, "candyFamily": "STARYU", "individual_attack": 15, "stamina_max": 31, "weight_kg": 43.42279052734375, "sortBy": "cp", "pokemon_name": "STARYU", "move_1_type": "Normal", "individual_defense": 15, "height_m": 0.9037554264068604, "favorite": "star_grey.png", "timeStamp": 0}, {"move_1_dmg": "25", "candies": 25, "cp": 232, "id": "11269473060909225906", "stamina": 32, "move_1": "Bubble", "move_2": "Flash Cannon", "move_2_dmg": "60", "pokemon_id": 116, "individual_stamina": 13, "reqCandies": 50, "move_2_type": "Steel", "creation_time_ms": 1470980049, "candyFamily": "HORSEA", "individual_attack": 7, "stamina_max": 32, "weight_kg": 6.295571804046631, "sortBy": "cp", "pokemon_name": "HORSEA", "move_1_type": "Water", "individual_defense": 15, "height_m": 0.3788243234157562, "favorite": "star_grey.png", "timeStamp": 0}, {"move_1_dmg": "7", "candies": 57, "cp": 464, "id": "4284935875090618411", "stamina": 44, "move_1": "Sucker Punch", "move_2": "Ominous Wind", "move_2_dmg": "30", "pokemon_id": 92, "individual_stamina": 12, "reqCandies": 25, "move_2_type": "Ghost", "creation_time_ms": 1470640998, "candyFamily": "GASTLY", "individual_attack": 14, "stamina_max": 44, "weight_kg": 0.08906631916761398, "sortBy": "cp", "pokemon_name": "GASTLY", "move_1_type": "Dark", "individual_defense": 13, "height_m": 1.1025207042694092, "favorite": "star_grey.png", "timeStamp": 0}, {"move_1_dmg": "6", "candies": 133, "cp": 560, "id": "9312182379711001715", "stamina": 60, "move_1": "Dragon Breath", "move_2": "Dragon Pulse", "move_2_dmg": "65", "pokemon_id": 148, "individual_stamina": 8, "reqCandies": 100, "move_2_type": "Dragon", "creation_time_ms": 1471141029, "candyFamily": "DRATINI", "individual_attack": 15, "stamina_max": 60, "weight_kg": 19.76494026184082, "sortBy": "cp", "pokemon_name": "DRAGONAIR", "move_1_type": "Dragon", "individual_defense": 2, "height_m": 4.021127223968506, "favorite": "star_grey.png", "timeStamp": 0}, {"move_1_dmg": "10", "candies": 297, "cp": 383, "id": "15468443538280676520", "stamina": 60, "move_1": "Quick Attack", "move_2": "Body Slam", "move_2_dmg": "40", "pokemon_id": 133, "individual_stamina": 15, "reqCandies": 25, "move_2_type": "Normal", "creation_time_ms": 1470993514, "candyFamily": "EEVEE", "individual_attack": 11, "stamina_max": 60, "weight_kg": 8.045452117919922, "sortBy": "cp", "pokemon_name": "EEVEE", "move_1_type": "Normal", "individual_defense": 12, "height_m": 0.32578423619270325, "favorite": "star_grey.png", "timeStamp": 0}, {"move_1_dmg": "6", "candies": 44, "cp": 1212, "id": "2232140806301192692", "stamina": 81, "move_1": "Mud Shot", "move_2": "Vice Grip", "move_2_dmg": "25", "pokemon_id": 99, "individual_stamina": 15, "reqCandies": 0, "move_2_type": "Normal", "creation_time_ms": 1470713383, "candyFamily": "KRABBY", "individual_attack": 14, "stamina_max": 81, "weight_kg": 21.480981826782227, "sortBy": "cp", "pokemon_name": "KINGLER", "move_1_type": "Ground", "individual_defense": 6, "height_m": 1.2726720571517944, "favorite": "star_grey.png", "timeStamp": 0}, {"move_1_dmg": "12", "candies": 45, "cp": 1508, "id": "14625435231058634859", "stamina": 116, "move_1": "Poison Jab", "move_2": "Hydro Pump", "move_2_dmg": "90", "pokemon_id": 73, "individual_stamina": 15, "reqCandies": 0, "move_2_type": "Water", "creation_time_ms": 1470986844, "candyFamily": "TENTACOOL", "individual_attack": 6, "stamina_max": 116, "weight_kg": 58.08662414550781, "sortBy": "cp", "pokemon_name": "TENTACRUEL", "move_1_type": "Poison", "individual_defense": 15, "height_m": 1.8726985454559326, "favorite": "star_grey.png", "timeStamp": 0}, {"move_1_dmg": "12", "candies": 284, "cp": 830, "id": "14436870110415754437", "stamina": 107, "move_1": "Zen Headbutt", "move_2": "Moonblast", "move_2_dmg": "85", "pokemon_id": 35, "individual_stamina": 15, "reqCandies": 50, "move_2_type": "Fairy", "creation_time_ms": 1470981717, "candyFamily": "CLEFAIRY", "individual_attack": 5, "stamina_max": 107, "weight_kg": 9.789974212646484, "sortBy": "cp", "pokemon_name": "CLEFAIRY", "move_1_type": "Psychic", "individual_defense": 7, "height_m": 0.6362396478652954, "favorite": "star_grey.png", "timeStamp": 0}, {"move_1_dmg": "9", "candies": 2, "cp": 1114, "id": "360694263135453157", "stamina": 108, "move_1": "Wing Attack", "move_2": "Aerial Ace", "move_2_dmg": "30", "pokemon_id": 18, "individual_stamina": 15, "reqCandies": 0, "move_2_type": "Flying", "creation_time_ms": 1470721788, "candyFamily": "PIDGEY", "individual_attack": 5, "stamina_max": 108, "weight_kg": 49.62704086303711, "sortBy": "cp", "pokemon_name": "PIDGEOT", "move_1_type": "Flying", "individual_defense": 10, "height_m": 1.6509751081466675, "favorite": "star_grey.png", "timeStamp": 0}, {"move_1_dmg": "10", "candies": 297, "cp": 562, "id": "2119817466493756477", "stamina": 70, "move_1": "Peck", "move_2": "Sludge Bomb", "move_2_dmg": "55", "pokemon_id": 32, "individual_stamina": 11, "reqCandies": 25, "move_2_type": "Poison", "creation_time_ms": 1470826989, "candyFamily": "NIDORAN_MALE", "individual_attack": 10, "stamina_max": 70, "weight_kg": 11.432745933532715, "sortBy": "cp", "pokemon_name": "NIDORAN_MALE", "move_1_type": "Flying", "individual_defense": 5, "height_m": 0.5235202312469482, "favorite": "star_grey.png", "timeStamp": 0}, {"move_1_dmg": "6", "candies": 1038, "cp": 727, "id": "7583735229765462497", "stamina": 82, "move_1": "Bite", "move_2": "Twister", "move_2_dmg": "25", "pokemon_id": 130, "individual_stamina": 6, "reqCandies": 0, "move_2_type": "Dragon", "creation_time_ms": 1471141129, "candyFamily": "MAGIKARP", "individual_attack": 15, "stamina_max": 82, "weight_kg": 233.28286743164062, "sortBy": "cp", "pokemon_name": "GYARADOS", "move_1_type": "Dark", "individual_defense": 2, "height_m": 6.993082046508789, "favorite": "star_grey.png", "timeStamp": 0}, {"move_1_dmg": "6", "candies": 133, "cp": 287, "id": "14085952804023324348", "stamina": 37, "move_1": "Dragon Breath", "move_2": "Wrap", "move_2_dmg": "25", "pokemon_id": 147, "individual_stamina": 2, "reqCandies": 25, "move_2_type": "Normal", "creation_time_ms": 1470979545, "candyFamily": "DRATINI", "individual_attack": 15, "stamina_max": 37, "weight_kg": 3.368955612182617, "sortBy": "cp", "pokemon_name": "DRATINI", "move_1_type": "Dragon", "individual_defense": 15, "height_m": 1.8444184064865112, "favorite": "star_grey.png", "timeStamp": 0}, {"move_1_dmg": "6", "candies": 133, "cp": 284, "id": "4936937249453017347", "stamina": 43, "move_1": "Dragon Breath", "move_2": "Wrap", "move_2_dmg": "25", "pokemon_id": 148, "individual_stamina": 15, "reqCandies": 100, "move_2_type": "Normal", "creation_time_ms": 1471140741, "candyFamily": "DRATINI", "individual_attack": 15, "stamina_max": 43, "weight_kg": 20.846641540527344, "sortBy": "cp", "pokemon_name": "DRAGONAIR", "move_1_type": "Dragon", "individual_defense": 10, "height_m": 4.579576015472412, "favorite": "star_grey.png", "timeStamp": 0}, {"move_1_dmg": "6", "candies": 1038, "cp": 193, "id": "8750738842184121006", "stamina": 42, "move_1": "Dragon Breath", "move_2": "Twister", "move_2_dmg": "25", "pokemon_id": 130, "individual_stamina": 6, "reqCandies": 0, "move_2_type": "Dragon", "creation_time_ms": 1471140900, "candyFamily": "MAGIKARP", "individual_attack": 15, "stamina_max": 42, "weight_kg": 260.2415771484375, "sortBy": "cp", "pokemon_name": "GYARADOS", "move_1_type": "Dragon", "individual_defense": 10, "height_m": 6.159063339233398, "favorite": "star_grey.png", "timeStamp": 0}, {"move_1_dmg": "5", "candies": 57, "cp": 542, "id": "14682650044550005450", "stamina": 41, "move_1": "Lick", "move_2": "Ominous Wind", "move_2_dmg": "30", "pokemon_id": 92, "individual_stamina": 0, "reqCandies": 25, "move_2_type": "Ghost", "creation_time_ms": 1470979532, "candyFamily": "GASTLY", "individual_attack": 13, "stamina_max": 41, "weight_kg": 0.07853956520557404, "sortBy": "cp", "pokemon_name": "GASTLY", "move_1_type": "Ghost", "individual_defense": 13, "height_m": 1.1547118425369263, "favorite": "star_grey.png", "timeStamp": 0}, {"move_1_dmg": "15", "candies": 120, "cp": 284, "id": "7171369718624970582", "stamina": 41, "move_1": "Razor Leaf", "move_2": "Sludge Bomb", "move_2_dmg": "55", "pokemon_id": 43, "individual_stamina": 15, "reqCandies": 25, "move_2_type": "Poison", "creation_time_ms": 1470981363, "candyFamily": "ODDISH", "individual_attack": 13, "stamina_max": 41, "weight_kg": 5.486204624176025, "sortBy": "cp", "pokemon_name": "ODDISH", "move_1_type": "Grass", "individual_defense": 10, "height_m": 0.5175566673278809, "favorite": "star_grey.png", "timeStamp": 0}, {"move_1_dmg": "10", "candies": 37, "cp": 526, "id": "3299692423462822058", "stamina": 51, "move_1": "Peck", "move_2": "Drill Peck", "move_2_dmg": "40", "pokemon_id": 84, "individual_stamina": 10, "reqCandies": 50, "move_2_type": "Flying", "creation_time_ms": 1470717728, "candyFamily": "DODUO", "individual_attack": 14, "stamina_max": 51, "weight_kg": 69.86739349365234, "sortBy": "cp", "pokemon_name": "DODUO", "move_1_type": "Flying", "individual_defense": 9, "height_m": 1.8277206420898438, "favorite": "star_grey.png", "timeStamp": 0}, {"move_1_dmg": "6", "candies": 301, "cp": 486, "id": "3722202785611583754", "stamina": 72, "move_1": "Bite", "move_2": "Poison Fang", "move_2_dmg": "25", "pokemon_id": 29, "individual_stamina": 12, "reqCandies": 25, "move_2_type": "Poison", "creation_time_ms": 1470846748, "candyFamily": "NIDORAN_FEMALE", "individual_attack": 15, "stamina_max": 72, "weight_kg": 6.106521129608154, "sortBy": "cp", "pokemon_name": "NIDORAN_FEMALE", "move_1_type": "Dark", "individual_defense": 11, "height_m": 0.3949759602546692, "favorite": "star_grey.png", "timeStamp": 0}, {"move_1_dmg": "6", "candies": 145, "cp": 15, "id": "677162317884472863", "stamina": 10, "move_1": "Water Gun", "move_2": "Brine", "move_2_dmg": "25", "pokemon_id": 138, "individual_stamina": 11, "reqCandies": 50, "move_2_type": "Water", "creation_time_ms": 1469369528, "candyFamily": "OMANYTE", "individual_attack": 11, "stamina_max": 10, "weight_kg": 9.784517288208008, "sortBy": "cp", "pokemon_name": "OMANYTE", "move_1_type": "Water", "individual_defense": 14, "height_m": 0.40481576323509216, "favorite": "star_grey.png", "timeStamp": 0}, {"move_1_dmg": "5", "candies": 56, "cp": 1833, "id": "16462409199864985174", "stamina": 203, "move_1": "Lick", "move_2": "Earthquake", "move_2_dmg": "100", "pokemon_id": 143, "individual_stamina": 13, "reqCandies": 0, "move_2_type": "Ground", "creation_time_ms": 1470702173, "candyFamily": "SNORLAX", "individual_attack": 13, "stamina_max": 203, "weight_kg": 485.698974609375, "sortBy": "cp", "pokemon_name": "SNORLAX", "move_1_type": "Ghost", "individual_defense": 13, "height_m": 1.9474390745162964, "favorite": "star_grey.png", "timeStamp": 0}, {"move_1_dmg": "10", "candies": 45, "cp": 540, "id": "4913177255009031276", "stamina": 52, "move_1": "Acid", "move_2": "Wrap", "move_2_dmg": "25", "pokemon_id": 23, "individual_stamina": 5, "reqCandies": 50, "move_2_type": "Normal", "creation_time_ms": 1470824647, "candyFamily": "EKANS", "individual_attack": 3, "stamina_max": 52, "weight_kg": 7.839967250823975, "sortBy": "cp", "pokemon_name": "EKANS", "move_1_type": "Poison", "individual_defense": 15, "height_m": 2.258585214614868, "favorite": "star_grey.png", "timeStamp": 0}, {"move_1_dmg": "15", "candies": 46, "cp": 440, "id": "11468714407379124116", "stamina": 41, "move_1": "Ice Shard", "move_2": "Bubble Beam", "move_2_dmg": "30", "pokemon_id": 90, "individual_stamina": 10, "reqCandies": 50, "move_2_type": "Water", "creation_time_ms": 1470621002, "candyFamily": "SHELLDER", "individual_attack": 12, "stamina_max": 41, "weight_kg": 2.1505484580993652, "sortBy": "cp", "pokemon_name": "SHELLDER", "move_1_type": "Ice", "individual_defense": 13, "height_m": 0.2374449372291565, "favorite": "star_grey.png", "timeStamp": 0}, {"move_1_dmg": "10", "candies": 26, "cp": 146, "id": "15440304491212698874", "stamina": 32, "move_1": "Acid", "move_2": "Wrap", "move_2_dmg": "25", "pokemon_id": 69, "individual_stamina": 13, "reqCandies": 25, "move_2_type": "Normal", "creation_time_ms": 1470608548, "candyFamily": "BELLSPROUT", "individual_attack": 14, "stamina_max": 32, "weight_kg": 4.367098808288574, "sortBy": "cp", "pokemon_name": "BELLSPROUT", "move_1_type": "Poison", "individual_defense": 13, "height_m": 0.6569678783416748, "favorite": "star_grey.png", "timeStamp": 0}, {"move_1_dmg": "6", "candies": 25, "cp": 1485, "id": "1273264320215415631", "stamina": 83, "move_1": "Water Gun", "move_2": "Psybeam", "move_2_dmg": "40", "pokemon_id": 121, "individual_stamina": 5, "reqCandies": 0, "move_2_type": "Psychic", "creation_time_ms": 1470708803, "candyFamily": "STARYU", "individual_attack": 15, "stamina_max": 83, "weight_kg": 58.793296813964844, "sortBy": "cp", "pokemon_name": "STARMIE", "move_1_type": "Water", "individual_defense": 11, "height_m": 1.397927165031433, "favorite": "star_grey.png", "timeStamp": 0}, {"move_1_dmg": "5", "candies": 2, "cp": 140, "id": "3146088375030703195", "stamina": 19, "move_1": "Thunder Shock", "move_2": "Thunderbolt", "move_2_dmg": "55", "pokemon_id": 81, "individual_stamina": 10, "reqCandies": 50, "move_2_type": "Electric", "creation_time_ms": 1470608548, "candyFamily": "MAGNEMITE", "individual_attack": 14, "stamina_max": 19, "weight_kg": 6.572333335876465, "sortBy": "cp", "pokemon_name": "MAGNEMITE", "move_1_type": "Electric", "individual_defense": 15, "height_m": 0.3146809935569763, "favorite": "star_grey.png", "timeStamp": 0}, {"move_1_dmg": "5", "candies": 56, "cp": 2042, "id": "10994850451450173843", "stamina": 219, "move_1": "Lick", "move_2": "Hyper Beam", "move_2_dmg": "120", "pokemon_id": 143, "individual_stamina": 15, "reqCandies": 0, "move_2_type": "Normal", "creation_time_ms": 1471140669, "candyFamily": "SNORLAX", "individual_attack": 9, "stamina_max": 219, "weight_kg": 367.8961486816406, "sortBy": "cp", "pokemon_name": "SNORLAX", "move_1_type": "Ghost", "individual_defense": 10, "height_m": 1.9660000801086426, "favorite": "star_grey.png", "timeStamp": 0}, {"move_1_dmg": "10", "candies": 297, "cp": 172, "id": "4951741375641122076", "stamina": 38, "move_1": "Quick Attack", "move_2": "Swift", "move_2_dmg": "30", "pokemon_id": 133, "individual_stamina": 11, "reqCandies": 25, "move_2_type": "Normal", "creation_time_ms": 1470979676, "candyFamily": "EEVEE", "individual_attack": 15, "stamina_max": 38, "weight_kg": 7.9198832511901855, "sortBy": "cp", "pokemon_name": "EEVEE", "move_1_type": "Normal", "individual_defense": 11, "height_m": 0.31122666597366333, "favorite": "star_grey.png", "timeStamp": 0}, {"move_1_dmg": "6", "candies": 297, "cp": 1857, "id": "9470233820558381289", "stamina": 179, "move_1": "Water Gun", "move_2": "Water Pulse", "move_2_dmg": "35", "pokemon_id": 134, "individual_stamina": 14, "reqCandies": 0, "move_2_type": "Water", "creation_time_ms": 1470833616, "candyFamily": "EEVEE", "individual_attack": 15, "stamina_max": 179, "weight_kg": 9.144965171813965, "sortBy": "cp", "pokemon_name": "Rainer", "move_1_type": "Water", "individual_defense": 2, "height_m": 0.950384795665741, "favorite": "star_grey.png", "timeStamp": 0}, {"move_1_dmg": "6", "candies": 27, "cp": 311, "id": "4759378073772991495", "stamina": 57, "move_1": "Scratch", "move_2": "Rock Tomb", "move_2_dmg": "30", "pokemon_id": 27, "individual_stamina": 7, "reqCandies": 50, "move_2_type": "Rock", "creation_time_ms": 1470991583, "candyFamily": "SANDSHREW", "individual_attack": 7, "stamina_max": 57, "weight_kg": 7.830179691314697, "sortBy": "cp", "pokemon_name": "SANDSHREW", "move_1_type": "Normal", "individual_defense": 4, "height_m": 0.5229564905166626, "favorite": "star_grey.png", "timeStamp": 0}, {"move_1_dmg": "6", "candies": 10, "cp": 930, "id": "3897076048398091926", "stamina": 88, "move_1": "Bite", "move_2": "Iron Head", "move_2_dmg": "30", "pokemon_id": 142, "individual_stamina": 5, "reqCandies": 0, "move_2_type": "Steel", "creation_time_ms": 1469402173, "candyFamily": "AERODACTYL", "individual_attack": 15, "stamina_max": 88, "weight_kg": 78.40685272216797, "sortBy": "cp", "pokemon_name": "AERODACTYL", "move_1_type": "Dark", "individual_defense": 4, "height_m": 2.1753714084625244, "favorite": "star_grey.png", "timeStamp": 0}, {"move_1_dmg": "10", "candies": 60, "cp": 1151, "id": "200174541331658918", "stamina": 78, "move_1": "Ember", "move_2": "Fire Punch", "move_2_dmg": "40", "pokemon_id": 126, "individual_stamina": 1, "reqCandies": 0, "move_2_type": "Fire", "creation_time_ms": 1470826573, "candyFamily": "MAGMAR", "individual_attack": 1, "stamina_max": 78, "weight_kg": 53.55166244506836, "sortBy": "cp", "pokemon_name": "MAGMAR", "move_1_type": "Fire", "individual_defense": 14, "height_m": 1.3975410461425781, "favorite": "star_grey.png", "timeStamp": 0}, {"move_1_dmg": "6", "candies": 405, "cp": 427, "id": "5337453948662501666", "stamina": 50, "move_1": "Mud Shot", "move_2": "Bubble Beam", "move_2_dmg": "30", "pokemon_id": 60, "individual_stamina": 3, "reqCandies": 25, "move_2_type": "Water", "creation_time_ms": 1470980277, "candyFamily": "POLIWAG", "individual_attack": 12, "stamina_max": 50, "weight_kg": 10.118271827697754, "sortBy": "cp", "pokemon_name": "POLIWAG", "move_1_type": "Ground", "individual_defense": 11, "height_m": 0.5301075577735901, "favorite": "star_grey.png", "timeStamp": 0}, {"move_1_dmg": "12", "candies": 45, "cp": 1528, "id": "14934518144651885512", "stamina": 118, "move_1": "Poison Jab", "move_2": "Sludge Wave", "move_2_dmg": "70", "pokemon_id": 73, "individual_stamina": 14, "reqCandies": 0, "move_2_type": "Poison", "creation_time_ms": 1470824087, "candyFamily": "TENTACOOL", "individual_attack": 7, "stamina_max": 118, "weight_kg": 77.52311706542969, "sortBy": "cp", "pokemon_name": "TENTACRUEL", "move_1_type": "Poison", "individual_defense": 3, "height_m": 2.0893566608428955, "favorite": "star_grey.png", "timeStamp": 0}, {"move_1_dmg": "12", "candies": 41, "cp": 318, "id": "1523230108802605784", "stamina": 36, "move_1": "Zen Headbutt", "move_2": "Psyshock", "move_2_dmg": "40", "pokemon_id": 63, "individual_stamina": 11, "reqCandies": 25, "move_2_type": "Psychic", "creation_time_ms": 1470711737, "candyFamily": "ABRA", "individual_attack": 11, "stamina_max": 36, "weight_kg": 12.013683319091797, "sortBy": "cp", "pokemon_name": "Abra", "move_1_type": "Psychic", "individual_defense": 13, "height_m": 0.7111138105392456, "favorite": "star_grey.png", "timeStamp": 0}, {"move_1_dmg": "12", "candies": 297, "cp": 490, "id": "14636027530999339884", "stamina": 66, "move_1": "Tackle", "move_2": "Dig", "move_2_dmg": "70", "pokemon_id": 133, "individual_stamina": 14, "reqCandies": 25, "move_2_type": "Ground", "creation_time_ms": 1470797139, "candyFamily": "EEVEE", "individual_attack": 15, "stamina_max": 66, "weight_kg": 5.479639530181885, "sortBy": "cp", "pokemon_name": "EEVEE", "move_1_type": "Normal", "individual_defense": 15, "height_m": 0.29876217246055603, "favorite": "star_grey.png", "timeStamp": 0}, {"move_1_dmg": "15", "candies": 59, "cp": 1968, "id": "5881521297224666007", "stamina": 0, "move_1": "Confusion", "move_2": "Seed Bomb", "move_2_dmg": "40", "pokemon_id": 103, "individual_stamina": 5, "reqCandies": 0, "move_2_type": "Grass", "creation_time_ms": 1471140224, "candyFamily": "EXEGGCUTE", "individual_attack": 14, "stamina_max": 127, "weight_kg": 110.854736328125, "sortBy": "cp", "pokemon_name": "EXEGGUTOR", "move_1_type": "Psychic", "individual_defense": 15, "height_m": 1.7247507572174072, "favorite": "star_grey.png", "timeStamp": 0}, {"move_1_dmg": "25", "candies": 45, "cp": 497, "id": "11689527431567340789", "stamina": 56, "move_1": "Bubble", "move_2": "Wrap", "move_2_dmg": "25", "pokemon_id": 72, "individual_stamina": 14, "reqCandies": 50, "move_2_type": "Normal", "creation_time_ms": 1470986509, "candyFamily": "TENTACOOL", "individual_attack": 11, "stamina_max": 56, "weight_kg": 61.898521423339844, "sortBy": "cp", "pokemon_name": "TENTACOOL", "move_1_type": "Water", "individual_defense": 15, "height_m": 1.0387904644012451, "favorite": "star_grey.png", "timeStamp": 0}, {"move_1_dmg": "10", "candies": 11, "cp": 349, "id": "16192775693173743010", "stamina": 42, "move_1": "Quick Attack", "move_2": "Dig", "move_2_dmg": "70", "pokemon_id": 19, "individual_stamina": 3, "reqCandies": 25, "move_2_type": "Ground", "creation_time_ms": 1470987761, "candyFamily": "RATTATA", "individual_attack": 8, "stamina_max": 42, "weight_kg": 4.424168586730957, "sortBy": "cp", "pokemon_name": "RATTATA", "move_1_type": "Normal", "individual_defense": 4, "height_m": 0.33438700437545776, "favorite": "star_grey.png", "timeStamp": 0}, {"move_1_dmg": "5", "candies": 297, "cp": 1507, "id": "7154625601312526858", "stamina": 96, "move_1": "Thunder Shock", "move_2": "Discharge", "move_2_dmg": "35", "pokemon_id": 135, "individual_stamina": 14, "reqCandies": 0, "move_2_type": "Electric", "creation_time_ms": 1470816175, "candyFamily": "EEVEE", "individual_attack": 15, "stamina_max": 96, "weight_kg": 7.884660243988037, "sortBy": "cp", "pokemon_name": "Sparky", "move_1_type": "Electric", "individual_defense": 11, "height_m": 1.0438854694366455, "favorite": "star_grey.png", "timeStamp": 0}, {"move_1_dmg": "7", "candies": 284, "cp": 692, "id": "11138425123383477966", "stamina": 96, "move_1": "Pound", "move_2": "Body Slam", "move_2_dmg": "40", "pokemon_id": 35, "individual_stamina": 14, "reqCandies": 50, "move_2_type": "Normal", "creation_time_ms": 1470980128, "candyFamily": "CLEFAIRY", "individual_attack": 5, "stamina_max": 96, "weight_kg": 8.289811134338379, "sortBy": "cp", "pokemon_name": "CLEFAIRY", "move_1_type": "Normal", "individual_defense": 14, "height_m": 0.5914345383644104, "favorite": "star_grey.png", "timeStamp": 0}, {"move_1_dmg": "5", "candies": 87, "cp": 524, "id": "6435117418072517099", "stamina": 79, "move_1": "Low Kick", "move_2": "Brick Break", "move_2_dmg": "30", "pokemon_id": 66, "individual_stamina": 1, "reqCandies": 25, "move_2_type": "Fighting", "creation_time_ms": 1470701884, "candyFamily": "MACHOP", "individual_attack": 13, "stamina_max": 79, "weight_kg": 19.310609817504883, "sortBy": "cp", "pokemon_name": "MACHOP", "move_1_type": "Fighting", "individual_defense": 14, "height_m": 0.7877655625343323, "favorite": "star_grey.png", "timeStamp": 0}, {"move_1_dmg": "6", "candies": 16, "cp": 216, "id": "11266842348216214588", "stamina": 37, "move_1": "Karate Chop", "move_2": "Low Sweep", "move_2_dmg": "30", "pokemon_id": 56, "individual_stamina": 14, "reqCandies": 50, "move_2_type": "Fighting", "creation_time_ms": 1470798866, "candyFamily": "MANKEY", "individual_attack": 12, "stamina_max": 37, "weight_kg": 27.6087646484375, "sortBy": "cp", "pokemon_name": "MANKEY", "move_1_type": "Fighting", "individual_defense": 13, "height_m": 0.46284517645835876, "favorite": "star_grey.png", "timeStamp": 0}, {"move_1_dmg": "25", "candies": 44, "cp": 560, "id": "13933074384866555552", "stamina": 44, "move_1": "Bubble", "move_2": "Water Pulse", "move_2_dmg": "35", "pokemon_id": 98, "individual_stamina": 4, "reqCandies": 50, "move_2_type": "Water", "creation_time_ms": 1470814978, "candyFamily": "KRABBY", "individual_attack": 14, "stamina_max": 44, "weight_kg": 8.906391143798828, "sortBy": "cp", "pokemon_name": "KRABBY", "move_1_type": "Water", "individual_defense": 15, "height_m": 0.4531870186328888, "favorite": "star_grey.png", "timeStamp": 0}, {"move_1_dmg": "6", "candies": 99, "cp": 860, "id": "9051929440660997323", "stamina": 80, "move_1": "Bite", "move_2": "Flame Wheel", "move_2_dmg": "40", "pokemon_id": 58, "individual_stamina": 8, "reqCandies": 50, "move_2_type": "Fire", "creation_time_ms": 1470826590, "candyFamily": "GROWLITHE", "individual_attack": 6, "stamina_max": 80, "weight_kg": 18.792091369628906, "sortBy": "cp", "pokemon_name": "GROWLITHE", "move_1_type": "Dark", "individual_defense": 1, "height_m": 0.6586243510246277, "favorite": "star_grey.png", "timeStamp": 0}, {"move_1_dmg": "15", "candies": 49, "cp": 577, "id": "1792553686251436133", "stamina": 78, "move_1": "Confusion", "move_2": "Psybeam", "move_2_dmg": "40", "pokemon_id": 96, "individual_stamina": 11, "reqCandies": 50, "move_2_type": "Psychic", "creation_time_ms": 1470621264, "candyFamily": "DROWZEE", "individual_attack": 10, "stamina_max": 78, "weight_kg": 25.873153686523438, "sortBy": "cp", "pokemon_name": "DROWZEE", "move_1_type": "Psychic", "individual_defense": 14, "height_m": 0.9661480784416199, "favorite": "star_grey.png", "timeStamp": 0}, {"move_1_dmg": "15", "candies": 59, "cp": 761, "id": "2528411858805407932", "stamina": 87, "move_1": "Confusion", "move_2": "Seed Bomb", "move_2_dmg": "40", "pokemon_id": 102, "individual_stamina": 9, "reqCandies": 50, "move_2_type": "Grass", "creation_time_ms": 1470987039, "candyFamily": "EXEGGCUTE", "individual_attack": 13, "stamina_max": 87, "weight_kg": 2.181581735610962, "sortBy": "cp", "pokemon_name": "EXEGGCUTE", "move_1_type": "Psychic", "individual_defense": 6, "height_m": 0.37137043476104736, "favorite": "star_grey.png", "timeStamp": 0}, {"move_1_dmg": "5", "candies": 42, "cp": 731, "id": "508655703299186038", "stamina": 85, "move_1": "Bug Bite", "move_2": "Poison Fang", "move_2_dmg": "25", "pokemon_id": 48, "individual_stamina": 1, "reqCandies": 50, "move_2_type": "Poison", "creation_time_ms": 1470993133, "candyFamily": "VENONAT", "individual_attack": 12, "stamina_max": 85, "weight_kg": 39.41414260864258, "sortBy": "cp", "pokemon_name": "VENONAT", "move_1_type": "Bug", "individual_defense": 5, "height_m": 1.1814124584197998, "favorite": "star_grey.png", "timeStamp": 0}, {"move_1_dmg": "10", "candies": 10, "cp": 33, "id": "4925621190271858122", "stamina": 14, "move_1": "Quick Attack", "move_2": "Flame Charge", "move_2_dmg": "25", "pokemon_id": 37, "individual_stamina": 14, "reqCandies": 50, "move_2_type": "Fire", "creation_time_ms": 1470847362, "candyFamily": "VULPIX", "individual_attack": 5, "stamina_max": 14, "weight_kg": 13.81927490234375, "sortBy": "cp", "pokemon_name": "VULPIX", "move_1_type": "Normal", "individual_defense": 12, "height_m": 0.6868860721588135, "favorite": "star_grey.png", "timeStamp": 0}, {"move_1_dmg": "6", "candies": 301, "cp": 191, "id": "9337924339377516539", "stamina": 49, "move_1": "Bite", "move_2": "Poison Fang", "move_2_dmg": "25", "pokemon_id": 29, "individual_stamina": 15, "reqCandies": 25, "move_2_type": "Poison", "creation_time_ms": 1470987575, "candyFamily": "NIDORAN_FEMALE", "individual_attack": 2, "stamina_max": 49, "weight_kg": 5.715763568878174, "sortBy": "cp", "pokemon_name": "NIDORAN_FEMALE", "move_1_type": "Dark", "individual_defense": 7, "height_m": 0.37703561782836914, "favorite": "star_grey.png", "timeStamp": 0}, {"move_1_dmg": "15", "candies": 56, "cp": 1155, "id": "10590626071126631611", "stamina": 90, "move_1": "Steel Wing", "move_2": "Night Slash", "move_2_dmg": "30", "pokemon_id": 123, "individual_stamina": 12, "reqCandies": 0, "move_2_type": "Dark", "creation_time_ms": 1470713093, "candyFamily": "SCYTHER", "individual_attack": 12, "stamina_max": 90, "weight_kg": 40.35954284667969, "sortBy": "cp", "pokemon_name": "SCYTHER", "move_1_type": "Steel", "individual_defense": 15, "height_m": 1.3270940780639648, "favorite": "star_grey.png", "timeStamp": 0}, {"move_1_dmg": "6", "candies": 405, "cp": 573, "id": "8759518009288070363", "stamina": 64, "move_1": "Mud Shot", "move_2": "Mud Bomb", "move_2_dmg": "30", "pokemon_id": 60, "individual_stamina": 15, "reqCandies": 25, "move_2_type": "Ground", "creation_time_ms": 1470718749, "candyFamily": "POLIWAG", "individual_attack": 13, "stamina_max": 64, "weight_kg": 2.214740037918091, "sortBy": "cp", "pokemon_name": "POLIWAG", "move_1_type": "Ground", "individual_defense": 12, "height_m": 0.3745262026786804, "favorite": "star_grey.png", "timeStamp": 0}, {"move_1_dmg": "10", "candies": 26, "cp": 961, "id": "6583003627174784086", "stamina": 86, "move_1": "Acid", "move_2": "Leaf Blade", "move_2_dmg": "55", "pokemon_id": 71, "individual_stamina": 14, "reqCandies": 0, "move_2_type": "Grass", "creation_time_ms": 1470706800, "candyFamily": "BELLSPROUT", "individual_attack": 8, "stamina_max": 86, "weight_kg": 11.207810401916504, "sortBy": "cp", "pokemon_name": "VICTREEBEL", "move_1_type": "Poison", "individual_defense": 9, "height_m": 2.15755295753479, "favorite": "star_grey.png", "timeStamp": 0}, {"move_1_dmg": "12", "candies": 12, "cp": 235, "id": "2619351382502687482", "stamina": 102, "move_1": "Feint Attack", "move_2": "Play Rough", "move_2_dmg": "55", "pokemon_id": 39, "individual_stamina": 12, "reqCandies": 50, "move_2_type": "Fairy", "creation_time_ms": 1470985911, "candyFamily": "JIGGLYPUFF", "individual_attack": 8, "stamina_max": 102, "weight_kg": 8.451347351074219, "sortBy": "cp", "pokemon_name": "JIGGLYPUFF", "move_1_type": "Dark", "individual_defense": 10, "height_m": 0.5859817862510681, "favorite": "star_grey.png", "timeStamp": 0}, {"move_1_dmg": "5", "candies": 61, "cp": 257, "id": "7455072803822067101", "stamina": 38, "move_1": "Thunder Shock", "move_2": "Thunderbolt", "move_2_dmg": "55", "pokemon_id": 25, "individual_stamina": 14, "reqCandies": 50, "move_2_type": "Electric", "creation_time_ms": 1470989296, "candyFamily": "PIKACHU", "individual_attack": 0, "stamina_max": 38, "weight_kg": 10.649332046508789, "sortBy": "cp", "pokemon_name": "PIKACHU", "move_1_type": "Electric", "individual_defense": 4, "height_m": 0.529395341873169, "favorite": "star_grey.png", "timeStamp": 0}, {"move_1_dmg": "25", "candies": 45, "cp": 642, "id": "1766467125513210724", "stamina": 63, "move_1": "Bubble", "move_2": "Water Pulse", "move_2_dmg": "35", "pokemon_id": 72, "individual_stamina": 10, "reqCandies": 50, "move_2_type": "Water", "creation_time_ms": 1470842475, "candyFamily": "TENTACOOL", "individual_attack": 5, "stamina_max": 63, "weight_kg": 68.46456146240234, "sortBy": "cp", "pokemon_name": "TENTACOOL", "move_1_type": "Water", "individual_defense": 13, "height_m": 1.056999921798706, "favorite": "star_grey.png", "timeStamp": 0}, {"move_1_dmg": "15", "candies": 133, "cp": 2440, "id": "3168094766631159866", "stamina": 126, "move_1": "Steel Wing", "move_2": "Dragon Pulse", "move_2_dmg": "65", "pokemon_id": 149, "individual_stamina": 3, "reqCandies": 0, "move_2_type": "Dragon", "creation_time_ms": 1471223284, "candyFamily": "DRATINI", "individual_attack": 15, "stamina_max": 126, "weight_kg": 228.93057250976562, "sortBy": "cp", "pokemon_name": "DRAGONITE", "move_1_type": "Steel", "individual_defense": 1, "height_m": 2.0616817474365234, "favorite": "star_grey.png", "timeStamp": 0}, {"move_1_dmg": "6", "candies": 27, "cp": 353, "id": "10611907626199542662", "stamina": 59, "move_1": "Mud Shot", "move_2": "Rock Slide", "move_2_dmg": "50", "pokemon_id": 27, "individual_stamina": 5, "reqCandies": 50, "move_2_type": "Rock", "creation_time_ms": 1471154246, "candyFamily": "SANDSHREW", "individual_attack": 6, "stamina_max": 59, "weight_kg": 5.7456488609313965, "sortBy": "cp", "pokemon_name": "SANDSHREW", "move_1_type": "Ground", "individual_defense": 11, "height_m": 0.48363354802131653, "favorite": "star_grey.png", "timeStamp": 0}, {"move_1_dmg": "10", "candies": 45, "cp": 1070, "id": "4859488848937450922", "stamina": 83, "move_1": "Acid", "move_2": "Dark Pulse", "move_2_dmg": "45", "pokemon_id": 24, "individual_stamina": 10, "reqCandies": 0, "move_2_type": "Dark", "creation_time_ms": 1470842902, "candyFamily": "EKANS", "individual_attack": 7, "stamina_max": 83, "weight_kg": 13.12445068359375, "sortBy": "cp", "pokemon_name": "ARBOK", "move_1_type": "Poison", "individual_defense": 9, "height_m": 3.0069472789764404, "favorite": "star_grey.png", "timeStamp": 0}, {"move_1_dmg": "6", "candies": 124, "cp": 1146, "id": "6533085443391842558", "stamina": 79, "move_1": "Mud Shot", "move_2": "Stone Edge", "move_2_dmg": "80", "pokemon_id": 141, "individual_stamina": 13, "reqCandies": 0, "move_2_type": "Rock", "creation_time_ms": 1469400728, "candyFamily": "KABUTO", "individual_attack": 5, "stamina_max": 79, "weight_kg": 21.201885223388672, "sortBy": "cp", "pokemon_name": "KABUTOPS", "move_1_type": "Ground", "individual_defense": 14, "height_m": 1.5465328693389893, "favorite": "star_grey.png", "timeStamp": 0}, {"move_1_dmg": "6", "candies": 24, "cp": 756, "id": "5633417142593176932", "stamina": 78, "move_1": "Water Gun", "move_2": "Aqua Tail", "move_2_dmg": "45", "pokemon_id": 54, "individual_stamina": 11, "reqCandies": 50, "move_2_type": "Water", "creation_time_ms": 1470982767, "candyFamily": "PSYDUCK", "individual_attack": 2, "stamina_max": 78, "weight_kg": 20.865755081176758, "sortBy": "cp", "pokemon_name": "PSYDUCK", "move_1_type": "Water", "individual_defense": 3, "height_m": 0.8352665305137634, "favorite": "star_grey.png", "timeStamp": 0}, {"move_1_dmg": "6", "candies": 297, "cp": 120, "id": "17167589505664659702", "stamina": 43, "move_1": "Water Gun", "move_2": "Water Pulse", "move_2_dmg": "35", "pokemon_id": 134, "individual_stamina": 0, "reqCandies": 0, "move_2_type": "Water", "creation_time_ms": 1471140710, "candyFamily": "EEVEE", "individual_attack": 15, "stamina_max": 43, "weight_kg": 27.98096466064453, "sortBy": "cp", "pokemon_name": "VAPOREON", "move_1_type": "Water", "individual_defense": 13, "height_m": 0.9653486013412476, "favorite": "star_grey.png", "timeStamp": 0}, {"move_1_dmg": "15", "candies": 90, "cp": 1559, "id": "7141010424777020436", "stamina": 93, "move_1": "Rock Smash", "move_2": "Submission", "move_2_dmg": "30", "pokemon_id": 127, "individual_stamina": 5, "reqCandies": 0, "move_2_type": "Fighting", "creation_time_ms": 1470829962, "candyFamily": "PINSIR", "individual_attack": 15, "stamina_max": 93, "weight_kg": 46.92252731323242, "sortBy": "cp", "pokemon_name": "PINSIR", "move_1_type": "Fighting", "individual_defense": 10, "height_m": 1.5107053518295288, "favorite": "star_grey.png", "timeStamp": 0}, {"move_1_dmg": "15", "candies": 70, "cp": 1242, "id": "7906784940371108532", "stamina": 128, "move_1": "Rock Smash", "move_2": "Earthquake", "move_2_dmg": "100", "pokemon_id": 112, "individual_stamina": 5, "reqCandies": 0, "move_2_type": "Ground", "creation_time_ms": 1469403137, "candyFamily": "RHYHORN", "individual_attack": 15, "stamina_max": 128, "weight_kg": 128.93646240234375, "sortBy": "cp", "pokemon_name": "RHYDON", "move_1_type": "Fighting", "individual_defense": 12, "height_m": 1.949363112449646, "favorite": "star_grey.png", "timeStamp": 0}, {"move_1_dmg": "25", "candies": 44, "cp": 509, "id": "1206279918951499631", "stamina": 47, "move_1": "Bubble", "move_2": "Bubble Beam", "move_2_dmg": "30", "pokemon_id": 98, "individual_stamina": 14, "reqCandies": 50, "move_2_type": "Water", "creation_time_ms": 1470823784, "candyFamily": "KRABBY", "individual_attack": 13, "stamina_max": 47, "weight_kg": 6.2020769119262695, "sortBy": "cp", "pokemon_name": "KRABBY", "move_1_type": "Water", "individual_defense": 15, "height_m": 0.40483903884887695, "favorite": "star_grey.png", "timeStamp": 0}, {"move_1_dmg": "7", "candies": 26, "cp": 743, "id": "5913057295350873372", "stamina": 72, "move_1": "Vine Whip", "move_2": "Power Whip", "move_2_dmg": "70", "pokemon_id": 69, "individual_stamina": 6, "reqCandies": 25, "move_2_type": "Grass", "creation_time_ms": 1470815666, "candyFamily": "BELLSPROUT", "individual_attack": 8, "stamina_max": 72, "weight_kg": 4.820466995239258, "sortBy": "cp", "pokemon_name": "BELLSPROUT", "move_1_type": "Grass", "individual_defense": 10, "height_m": 0.7724931836128235, "favorite": "star_grey.png", "timeStamp": 0}, {"move_1_dmg": "7", "candies": 3, "cp": 238, "id": "10156807744297468823", "stamina": 246, "move_1": "Pound", "move_2": "Psybeam", "move_2_dmg": "40", "pokemon_id": 113, "individual_stamina": 12, "reqCandies": 0, "move_2_type": "Psychic", "creation_time_ms": 1470831514, "candyFamily": "CHANSEY", "individual_attack": 14, "stamina_max": 246, "weight_kg": 37.20787811279297, "sortBy": "cp", "pokemon_name": "CHANSEY", "move_1_type": "Normal", "individual_defense": 11, "height_m": 1.118320345878601, "favorite": "star_grey.png", "timeStamp": 0}, {"move_1_dmg": "7", "candies": 82, "cp": 240, "id": "5267155807327849753", "stamina": 41, "move_1": "Vine Whip", "move_2": "Power Whip", "move_2_dmg": "70", "pokemon_id": 1, "individual_stamina": 13, "reqCandies": 25, "move_2_type": "Grass", "creation_time_ms": 1470805338, "candyFamily": "BULBASAUR", "individual_attack": 0, "stamina_max": 41, "weight_kg": 3.2987265586853027, "sortBy": "cp", "pokemon_name": "BULBASAUR", "move_1_type": "Grass", "individual_defense": 13, "height_m": 0.5055033564567566, "favorite": "star_grey.png", "timeStamp": 0}, {"move_1_dmg": "10", "candies": 120, "cp": 602, "id": "12191568712636518037", "stamina": 60, "move_1": "Acid", "move_2": "Moonblast", "move_2_dmg": "85", "pokemon_id": 43, "individual_stamina": 11, "reqCandies": 25, "move_2_type": "Fairy", "creation_time_ms": 1471007612, "candyFamily": "ODDISH", "individual_attack": 8, "stamina_max": 60, "weight_kg": 6.89814567565918, "sortBy": "cp", "pokemon_name": "ODDISH", "move_1_type": "Poison", "individual_defense": 10, "height_m": 0.5745356678962708, "favorite": "star_grey.png", "timeStamp": 0}]